customer_id,predicted_value
12346.0,2202.84
12347.0,1560.52
12348.0,281.61
12349.0,709.94
12350.0,21.64
12351.0,37.01
12352.0,670.69
12353.0,80.95
12354.0,88.64
12355.0,127.31
12356.0,1461.63
12357.0,6450.74
12358.0,889.01
12359.0,1471.8
12360.0,1147.09
12361.0,18.11
12362.0,793.12
12363.0,291.03
12364.0,467.84
12365.0,122.45
12366.0,76.66
12367.0,478.06
12368.0,96.09
12369.0,36.64
12370.0,1119.6
12371.0,1053.42
12372.0,474.29
12373.0,268.91
12374.0,915.15
12375.0,359.26
12376.0,64.79
12377.0,794.76
12378.0,1360.29
12379.0,122.96
12380.0,2490.1
12381.0,791.56
12383.0,922.58
12384.0,566.44
12385.0,293.5
12386.0,270.99
12387.0,18.25
12388.0,1213.38
12389.0,167.94
12390.0,438.76
12391.0,413.25
12392.0,184.28
12393.0,641.13
12394.0,478.82
12395.0,1428.64
12396.0,51.1
12397.0,207.15
12398.0,756.42
12399.0,554.79
12400.0,8.04
12401.0,13.9
12402.0,29.03
12403.0,79.68
12404.0,6.5
12405.0,171.1
12406.0,493.17
12407.0,797.85
12408.0,1619.64
12409.0,4875.57
12410.0,58.43
12411.0,20.3
12412.0,666.42
12413.0,213.62
12414.0,100.97
12415.0,65307.16
12416.0,14.27
12417.0,2022.24
12418.0,184.89
12419.0,55.2
12420.0,114.95
12421.0,480.48
12422.0,1695.41
12423.0,1250.52
12424.0,1461.33
12425.0,351.84
12426.0,673.84
12427.0,429.29
12428.0,3696.37
12429.0,2591.94
12430.0,263.56
12431.0,2447.47
12432.0,345.02
12433.0,4501.78
12434.0,182.2
12435.0,2196.02
12436.0,323.02
12437.0,5577.2
12438.0,465.6
12439.0,22.75
12440.0,77.64
12441.0,84.82
12442.0,407.27
12443.0,46.1
12444.0,486.23
12445.0,324.85
12446.0,543.94
12447.0,39.42
12448.0,506.7
12449.0,1917.87
12450.0,174.38
12451.0,4485.19
12452.0,119.22
12453.0,255.98
12454.0,3643.59
12455.0,1353.84
12456.0,1007.07
12457.0,881.78
12458.0,184.72
12459.0,28.06
12460.0,17.51
12461.0,152.06
12462.0,164.17
12463.0,520.36
12464.0,538.03
12465.0,159.78
12466.0,24.07
12467.0,75.27
12468.0,469.94
12469.0,152.34
12470.0,28.14
12471.0,17730.72
12472.0,3802.12
12473.0,236.3
12474.0,4008.94
12475.0,177.75
12476.0,3550.44
12477.0,5533.91
12478.0,401.63
12479.0,778.68
12480.0,1001.75
12481.0,2884.14
12482.0,32.66
12483.0,1808.79
12484.0,1555.47
12485.0,149.5
12486.0,9.75
12487.0,91.44
12488.0,625.75
12489.0,27.11
12490.0,1850.53
12491.0,799.8
12492.0,233.35
12493.0,352.2
12494.0,487.11
12495.0,22.17
12496.0,3.08
12497.0,541.93
12498.0,52.44
12499.0,41.05
12500.0,2286.98
12501.0,293.56
12502.0,1007.32
12503.0,71.39
12504.0,215.58
12505.0,53.69
12506.0,40.63
12507.0,101.22
12508.0,283.96
12509.0,11.49
12510.0,747.29
12511.0,438.54
12512.0,63.47
12513.0,270.67
12514.0,823.86
12515.0,23.6
12516.0,573.02
12517.0,909.6
12518.0,817.85
12519.0,171.94
12520.0,1319.34
12521.0,243.27
12522.0,130.77
12523.0,785.7
12524.0,3424.9
12525.0,41.29
12526.0,705.88
12527.0,249.02
12528.0,993.73
12529.0,30.26
12530.0,940.9
12531.0,984.26
12532.0,352.8
12533.0,28.36
12534.0,170.57
12535.0,181.89
12536.0,6681.27
12537.0,102.63
12538.0,193.09
12539.0,2091.94
12540.0,10164.56
12541.0,399.79
12542.0,61.84
12543.0,21.22
12544.0,171.8
12545.0,88.44
12546.0,630.82
12547.0,78.49
12548.0,105.3
12549.0,3.3
12550.0,415.34
12551.0,5.97
12552.0,82.16
12553.0,1698.69
12554.0,36.19
12555.0,9.85
12556.0,298.16
12557.0,4885.31
12558.0,143.77
12559.0,125.58
12560.0,842.54
12561.0,10.74
12562.0,1257.44
12563.0,70.96
12564.0,245.49
12565.0,29.64
12566.0,136.76
12567.0,4375.68
12568.0,2.07
12569.0,3024.45
12570.0,3.94
12571.0,161.95
12572.0,877.48
12573.0,46.49
12574.0,2.11
12575.0,49.74
12576.0,785.41
12577.0,194.71
12578.0,262.01
12579.0,222.99
12580.0,494.9
12581.0,284.18
12582.0,233.58
12583.0,5214.88
12584.0,1062.28
12585.0,853.8
12586.0,233.9
12587.0,75.37
12588.0,723.34
12589.0,1147.07
12590.0,1355.19
12591.0,122.32
12592.0,495.05
12593.0,58.4
12594.0,2630.94
12595.0,11.29
12596.0,518.16
12597.0,1216.5
12598.0,1850.37
12599.0,303.51
12600.0,2171.56
12601.0,101.72
12602.0,285.81
12603.0,730.0
12604.0,19.84
12605.0,148.36
12606.0,30.1
12607.0,292.0
12608.0,45.98
12609.0,1026.57
12610.0,659.07
12611.0,500.41
12612.0,295.12
12613.0,1669.61
12614.0,51.71
12615.0,1408.03
12616.0,329.87
12617.0,254.91
12618.0,321.7
12619.0,869.28
12620.0,703.92
12621.0,10446.06
12622.0,52.12
12623.0,282.35
12624.0,131.71
12625.0,772.06
12626.0,2188.7
12627.0,2033.92
12628.0,356.84
12629.0,158.15
12630.0,1408.78
12631.0,504.31
12632.0,25.66
12633.0,1233.99
12634.0,36.99
12635.0,1276.96
12636.0,37.23
12637.0,2053.91
12638.0,646.37
12639.0,103.35
12640.0,957.93
12641.0,16.38
12642.0,1149.94
12643.0,1146.79
12644.0,78.0
12645.0,941.48
12646.0,1372.63
12647.0,4712.28
12648.0,203.3
12649.0,460.53
12650.0,37.49
12651.0,14.85
12652.0,153.18
12653.0,1112.33
12654.0,170.67
12655.0,20.12
12656.0,1885.85
12657.0,1284.84
12658.0,488.05
12659.0,168.32
12660.0,204.14
12661.0,28.69
12662.0,2363.0
12663.0,5.24
12664.0,3106.93
12665.0,2.45
12666.0,82.79
12667.0,453.02
12668.0,2011.59
12669.0,1561.84
12670.0,375.1
12671.0,26.76
12672.0,17.05
12673.0,517.9
12674.0,1394.36
12675.0,27.68
12676.0,797.45
12677.0,17.07
12678.0,1615.33
12679.0,173.89
12680.0,540.05
12681.0,11643.32
12682.0,13370.54
12683.0,3255.79
12684.0,902.22
12685.0,1832.04
12686.0,20.58
12687.0,17.88
12688.0,395.63
12689.0,624.78
12690.0,60.51
12691.0,87.4
12692.0,2.31
12693.0,228.43
12694.0,534.7
12695.0,170.32
12696.0,20.11
12697.0,256.47
12698.0,9.6
12699.0,108.77
12700.0,375.13
12701.0,667.27
12702.0,50.55
12703.0,185.89
12704.0,840.74
12705.0,4249.39
12707.0,125.03
12708.0,2394.25
12709.0,8134.71
12710.0,437.68
12711.0,66.86
12712.0,2204.25
12713.0,377.69
12714.0,3863.06
12715.0,172.19
12716.0,1198.34
12717.0,71.19
12718.0,300.16
12719.0,357.89
12720.0,2441.66
12721.0,1142.06
12722.0,306.76
12723.0,141.46
12724.0,564.04
12725.0,356.0
12726.0,1669.33
12727.0,1742.7
12728.0,221.84
12729.0,186.41
12730.0,22.75
12731.0,12112.35
12732.0,114.04
12733.0,200.82
12734.0,9.75
12735.0,136.28
12736.0,57.71
12737.0,14.64
12738.0,65.85
12739.0,825.96
12740.0,248.53
12741.0,18.66
12742.0,77.79
12743.0,383.95
12744.0,2239.65
12745.0,85.74
12746.0,16.14
12747.0,1459.92
12748.0,32156.62
12749.0,1653.81
12750.0,209.51
12751.0,0.89
12752.0,120.22
12753.0,11269.03
12754.0,900.35
12755.0,757.82
12756.0,72.56
12757.0,3128.25
12758.0,1151.48
12759.0,1899.83
12760.0,6.96
12761.0,221.6
12762.0,2194.43
12763.0,396.39
12764.0,7.13
12765.0,119.97
12766.0,4157.25
12767.0,164.85
12768.0,5.78
12769.0,16.66
12770.0,491.84
12771.0,41.12
12772.0,197.14
12773.0,22.26
12774.0,7.98
12775.0,499.46
12776.0,2.43
12777.0,37.74
12778.0,419.66
12779.0,1738.93
12780.0,62.85
12781.0,504.76
12782.0,772.74
12783.0,973.57
12784.0,193.93
12785.0,234.93
12786.0,211.76
12787.0,202.38
12788.0,5.66
12789.0,40.84
12790.0,92.23
12791.0,65.99
12792.0,155.96
12793.0,47.72
12794.0,495.16
12795.0,341.49
12796.0,82.26
12797.0,86.0
12798.0,1513.83
12799.0,30.51
12800.0,14.97
12801.0,5.09
12802.0,503.86
12803.0,42.85
12804.0,5.33
12805.0,228.4
12806.0,20.65
12807.0,65.46
12808.0,313.91
12809.0,50.1
12810.0,60.48
12811.0,154.97
12812.0,460.38
12813.0,6.04
12814.0,130.17
12815.0,706.21
12816.0,229.73
12817.0,93.78
12818.0,1716.48
12819.0,16.9
12820.0,958.44
12821.0,34.3
12822.0,570.59
12823.0,1885.89
12824.0,120.08
12825.0,17.5
12826.0,993.53
12827.0,252.49
12828.0,308.13
12829.0,74.78
12830.0,3946.57
12831.0,165.15
12832.0,271.44
12833.0,94.41
12834.0,120.5
12835.0,1.37
12836.0,1030.69
12837.0,17.89
12838.0,551.84
12839.0,3578.71
12840.0,750.48
12841.0,3757.18
12842.0,193.02
12843.0,1242.24
12844.0,81.13
12845.0,30.21
12846.0,30.1
12847.0,756.09
12848.0,19.28
12849.0,1064.15
12850.0,8.24
12851.0,84.48
12852.0,44.97
12853.0,1058.65
12854.0,548.63
12855.0,50.65
12856.0,2423.15
12857.0,555.36
12858.0,4.4
12859.0,19.37
12860.0,2.79
12861.0,1.01
12862.0,44.29
12863.0,876.92
12864.0,160.51
12865.0,1095.06
12866.0,22.85
12867.0,2470.71
12868.0,485.09
12869.0,119.24
12870.0,36.24
12871.0,298.45
12872.0,6.6
12873.0,513.7
12874.0,226.47
12875.0,104.04
12876.0,1433.76
12877.0,522.96
12878.0,106.67
12879.0,506.76
12880.0,126.43
12881.0,7.09
12882.0,990.03
12883.0,425.1
12884.0,121.77
12885.0,643.88
12886.0,589.01
12887.0,32.06
12888.0,12.45
12889.0,2.18
12890.0,235.55
12891.0,76.84
12892.0,59.22
12893.0,237.03
12894.0,6.42
12895.0,351.37
12897.0,22.83
12898.0,1.55
12899.0,4.84
12900.0,13.72
12901.0,4211.98
12902.0,40.66
12903.0,102.45
12904.0,196.98
12905.0,26.22
12906.0,1291.94
12907.0,120.04
12908.0,171.41
12909.0,820.6
12910.0,1624.52
12911.0,99.81
12912.0,1044.8
12913.0,1158.64
12914.0,14.4
12915.0,106.89
12916.0,1888.35
12917.0,1409.15
12918.0,24.53
12919.0,803.03
12920.0,194.22
12921.0,20237.9
12922.0,23.16
12923.0,94.65
12924.0,489.13
12925.0,532.01
12926.0,13.69
12927.0,12.41
12928.0,2011.29
12929.0,20.15
12930.0,43.5
12931.0,36413.62
12932.0,24.5
12933.0,170.67
12934.0,18.62
12935.0,2072.42
12936.0,1120.94
12937.0,992.48
12938.0,549.04
12939.0,1977.4
12940.0,377.6
12941.0,23.85
12942.0,178.46
12943.0,21.21
12944.0,244.65
12945.0,42.78
12946.0,27.22
12947.0,423.42
12948.0,742.59
12949.0,7226.15
12950.0,1660.22
12951.0,1119.47
12952.0,1845.06
12953.0,67.47
12954.0,32.89
12955.0,2144.86
12956.0,38.01
12957.0,2096.91
12958.0,73.9
12959.0,18.57
12960.0,10.58
12961.0,23.51
12962.0,227.09
12963.0,1038.75
12964.0,7.36
12965.0,164.21
12966.0,55.3
12967.0,7.34
12968.0,11.73
12969.0,14.17
12970.0,229.81
12971.0,4072.54
12972.0,17.82
12973.0,22.03
12974.0,24.85
12975.0,15.27
12976.0,1066.04
12977.0,33.06
12978.0,19.86
12979.0,62.31
12980.0,932.85
12981.0,337.25
12982.0,471.48
12983.0,73.45
12984.0,15.48
12985.0,1528.79
12986.0,4.41
12987.0,168.58
12988.0,45.86
12989.0,3351.66
12990.0,174.46
12991.0,157.57
12992.0,1.12
12993.0,178.13
12994.0,131.55
12995.0,102.31
12996.0,75.82
12997.0,521.44
12998.0,3.57
12999.0,140.88
13000.0,321.45
13001.0,9191.28
13002.0,21.9
13003.0,35.54
13004.0,2966.32
13005.0,269.42
13006.0,66.13
13007.0,13.86
13008.0,49.36
13009.0,69.1
13010.0,76.51
13011.0,55.99
13012.0,968.59
13013.0,2192.0
13014.0,2296.14
13015.0,1399.12
13016.0,157.08
13017.0,55.62
13018.0,3453.75
13019.0,178.63
13020.0,26.22
13021.0,1508.59
13022.0,10.28
13023.0,135.08
13024.0,112.23
13025.0,26.73
13026.0,197.37
13027.0,850.93
13028.0,455.78
13029.0,528.27
13030.0,122.07
13031.0,32.38
13032.0,594.03
13033.0,6.54
13034.0,159.86
13035.0,214.4
13036.0,14.03
13037.0,501.46
13038.0,282.26
13039.0,36.51
13040.0,162.29
13041.0,34.44
13042.0,21.29
13043.0,105.92
13044.0,70.85
13045.0,87.69
13046.0,289.85
13047.0,2281.21
13048.0,1417.68
13049.0,676.89
13050.0,2753.85
13051.0,0.9
13052.0,515.27
13053.0,6.63
13055.0,801.81
13056.0,18.89
13057.0,62.31
13058.0,180.18
13059.0,169.19
13060.0,198.95
13061.0,408.19
13062.0,71.16
13063.0,8.31
13064.0,236.64
13065.0,356.43
13066.0,1076.13
13067.0,34.49
13068.0,10.15
13069.0,2758.8
13070.0,102.92
13071.0,2.94
13072.0,54.29
13073.0,19.74
13074.0,16.83
13075.0,98.19
13076.0,18.4
13077.0,663.93
13078.0,13048.75
13079.0,9.01
13080.0,36.68
13081.0,27344.96
13082.0,839.67
13083.0,108.39
13084.0,46.43
13085.0,546.54
13086.0,48.96
13087.0,18.29
13088.0,9.91
13089.0,29231.84
13090.0,1628.04
13091.0,1044.97
13092.0,293.73
13093.0,915.51
13094.0,823.4
13095.0,89.66
13096.0,84.89
13097.0,2821.35
13098.0,7238.37
13099.0,219.86
13101.0,54.51
13102.0,3218.65
13103.0,837.76
13104.0,291.07
13105.0,55.08
13106.0,148.72
13107.0,2184.21
13108.0,182.38
13109.0,246.04
13110.0,458.22
13111.0,56.08
13112.0,131.58
13113.0,2249.96
13114.0,51.09
13115.0,1438.63
13116.0,279.05
13117.0,616.24
13118.0,842.42
13119.0,29.12
13120.0,4.71
13121.0,156.69
13122.0,119.28
13123.0,24.25
13124.0,2780.89
13125.0,6.27
13126.0,1160.51
13127.0,186.52
13128.0,96.87
13129.0,8.87
13130.0,54.09
13131.0,807.11
13132.0,18.98
13133.0,17.75
13134.0,476.14
13135.0,484.14
13136.0,973.78
13137.0,1769.82
13138.0,337.42
13139.0,3031.57
13140.0,478.41
13141.0,1950.52
13142.0,146.14
13143.0,41.0
13144.0,6.74
13145.0,113.14
13146.0,1012.08
13147.0,191.48
13148.0,1831.43
13149.0,581.77
13150.0,9.92
13151.0,720.23
13152.0,2.58
13153.0,410.51
13154.0,20.84
13155.0,718.88
13156.0,68.75
13157.0,1407.28
13158.0,240.18
13159.0,532.76
13160.0,373.84
13161.0,31.02
13162.0,489.66
13163.0,20.02
13164.0,4.95
13165.0,902.6
13166.0,80.27
13167.0,303.99
13168.0,617.37
13169.0,409.65
13170.0,312.77
13171.0,163.25
13172.0,4.99
13173.0,959.54
13174.0,2576.86
13175.0,28.08
13176.0,384.83
13177.0,165.0
13178.0,4803.1
13179.0,68.47
13180.0,1.01
13181.0,80.53
13182.0,173.71
13183.0,1383.4
13184.0,522.39
13185.0,3.13
13186.0,1070.27
13187.0,54.64
13188.0,37.26
13189.0,261.05
13190.0,21.38
13191.0,29.59
13192.0,807.39
13193.0,197.35
13194.0,220.48
13195.0,2.64
13196.0,442.58
13197.0,52.13
13198.0,2259.89
13199.0,4511.05
13200.0,319.82
13201.0,13.38
13202.0,23.41
13203.0,626.77
13204.0,102.24
13205.0,4.33
13206.0,15.06
13207.0,131.13
13208.0,525.71
13209.0,2015.44
13210.0,240.79
13211.0,826.66
13212.0,225.87
13213.0,560.84
13214.0,5.11
13215.0,19.1
13216.0,303.14
13217.0,163.49
13218.0,35.59
13219.0,1.59
13220.0,235.01
13221.0,129.07
13222.0,4.5
13223.0,124.99
13224.0,183.95
13225.0,1822.54
13226.0,44.76
13227.0,175.0
13228.0,144.44
13229.0,53.79
13230.0,772.3
13232.0,506.91
13233.0,223.33
13234.0,4.93
13235.0,42.63
13236.0,443.76
13237.0,527.72
13238.0,639.45
13239.0,420.15
13240.0,266.05
13241.0,19.49
13242.0,58.3
13243.0,379.08
13244.0,42.73
13245.0,117.9
13246.0,928.46
13247.0,168.21
13248.0,158.19
13249.0,312.86
13250.0,11.65
13251.0,5.69
13252.0,20.67
13253.0,1382.46
13254.0,11.89
13255.0,129.2
13257.0,39.88
13258.0,343.04
13259.0,200.44
13260.0,150.68
13261.0,45.49
13262.0,69.16
13263.0,2190.1
13264.0,23.18
13265.0,915.73
13266.0,1736.55
13267.0,2486.58
13268.0,1689.65
13269.0,2301.88
13270.0,39.56
13271.0,542.9
13272.0,138.42
13273.0,100.77
13274.0,8.13
13275.0,81.92
13276.0,240.96
13277.0,102.5
13278.0,300.92
13279.0,30.75
13280.0,446.59
13281.0,38.79
13282.0,295.33
13283.0,46.26
13284.0,18.24
13285.0,422.79
13286.0,47.1
13287.0,16.18
13288.0,5.64
13289.0,44.49
13290.0,6.84
13291.0,745.21
13292.0,210.97
13293.0,93.59
13294.0,57.08
13295.0,187.53
13296.0,343.5
13297.0,974.52
13298.0,174.35
13299.0,126.41
13300.0,99.43
13301.0,247.66
13302.0,13.72
13303.0,9.83
13304.0,245.16
13305.0,980.59
13306.0,9.2
13307.0,58.24
13308.0,226.75
13309.0,445.08
13310.0,260.52
13311.0,370.07
13312.0,1.44
13313.0,1070.48
13314.0,716.28
13315.0,54.77
13316.0,2268.44
13317.0,1791.45
13318.0,685.68
13319.0,8301.17
13320.0,661.75
13321.0,311.59
13322.0,183.62
13323.0,343.84
13324.0,3808.02
13325.0,204.1
13326.0,82.54
13327.0,1708.94
13328.0,22.66
13329.0,1276.02
13330.0,880.19
13331.0,22.19
13332.0,146.67
13333.0,8.17
13334.0,1527.06
13336.0,347.29
13337.0,82.78
13338.0,244.39
13339.0,56.68
13340.0,5573.29
13341.0,206.02
13343.0,94.72
13344.0,917.91
13345.0,22.59
13346.0,2.79
13347.0,366.26
13348.0,171.01
13349.0,140.19
13350.0,594.65
13351.0,111.36
13352.0,197.76
13354.0,813.09
13355.0,164.02
13356.0,212.01
13357.0,635.69
13358.0,207.8
13359.0,221.24
13360.0,9.97
13361.0,114.58
13362.0,963.92
13363.0,368.77
13364.0,96.52
13365.0,579.74
13366.0,53.78
13367.0,94.37
13368.0,235.72
13369.0,112.47
13370.0,244.31
13371.0,23.25
13372.0,205.14
13373.0,1653.73
13374.0,9.55
13375.0,163.57
13376.0,188.32
13377.0,132.89
13379.0,253.56
13380.0,7.89
13381.0,2909.6
13382.0,18.62
13383.0,65.63
13384.0,2921.88
13385.0,185.72
13386.0,42.51
13387.0,1.63
13388.0,247.33
13389.0,262.31
13390.0,397.11
13391.0,0.86
13392.0,2.1
13393.0,11.78
13394.0,1980.19
13395.0,682.33
13396.0,401.18
13397.0,936.56
13398.0,66.55
13399.0,4.8
13400.0,93.34
13402.0,264.26
13403.0,78.96
13404.0,240.13
13405.0,215.62
13406.0,103.69
13407.0,65.2
13408.0,24379.02
13410.0,1269.01
13411.0,65.85
13412.0,99.61
13413.0,6.3
13414.0,454.55
13415.0,82.9
13416.0,135.44
13417.0,98.25
13418.0,4700.8
13419.0,349.42
13420.0,75.84
13421.0,880.15
13422.0,803.01
13423.0,14.54
13424.0,18.98
13425.0,414.62
13426.0,1314.9
13427.0,205.39
13428.0,128.19
13429.0,1092.39
13430.0,459.57
13431.0,1297.06
13432.0,9.63
13433.0,9.84
13434.0,118.89
13435.0,1831.13
13436.0,293.76
13437.0,1611.19
13438.0,294.44
13439.0,248.06
13440.0,27.12
13441.0,163.65
13442.0,12.87
13443.0,26.12
13444.0,114.76
13445.0,58.83
13446.0,4.3
13447.0,469.13
13448.0,2640.01
13449.0,442.33
13450.0,1722.52
13451.0,1687.77
13452.0,190.52
13453.0,151.43
13454.0,48.99
13455.0,494.11
13456.0,916.74
13457.0,0.62
13458.0,4821.85
13459.0,12.4
13460.0,249.66
13461.0,1210.7
13462.0,149.86
13464.0,662.89
13465.0,21.78
13466.0,219.71
13467.0,1081.99
13468.0,7095.38
13469.0,5.58
13470.0,116.51
13471.0,1333.55
13472.0,68.97
13473.0,811.69
13474.0,144.89
13475.0,164.61
13476.0,139.28
13477.0,860.02
13478.0,8.69
13479.0,236.46
13480.0,55.24
13481.0,483.02
13482.0,79.33
13483.0,307.95
13484.0,16.46
13485.0,286.8
13486.0,287.45
13487.0,146.25
13488.0,6145.02
13489.0,224.47
13490.0,7.76
13491.0,427.47
13492.0,745.94
13493.0,267.17
13494.0,19.79
13495.0,1252.63
13496.0,42.49
13497.0,94.89
13498.0,95.84
13499.0,527.15
13500.0,382.17
13501.0,1905.93
13502.0,202.82
13503.0,218.62
13504.0,141.17
13505.0,632.21
13506.0,184.69
13507.0,732.86
13508.0,15.7
13509.0,684.1
13510.0,1181.95
13511.0,100.97
13512.0,187.47
13513.0,114.94
13514.0,216.91
13515.0,178.05
13516.0,939.19
13517.0,491.76
13518.0,420.46
13519.0,40.55
13520.0,1131.66
13521.0,390.85
13522.0,159.69
13523.0,1251.5
13524.0,168.61
13525.0,252.59
13526.0,13.9
13527.0,1704.37
13529.0,87.58
13530.0,59.93
13531.0,230.61
13532.0,722.94
13533.0,158.62
13534.0,2208.98
13535.0,11.82
13536.0,5021.31
13537.0,24.09
13538.0,599.03
13539.0,280.51
13540.0,19.42
13541.0,26.25
13542.0,32.13
13543.0,70.78
13544.0,208.87
13545.0,16.17
13546.0,341.08
13547.0,2.28
13548.0,187.19
13549.0,246.53
13550.0,62.48
13551.0,50.98
13552.0,1001.59
13553.0,24.0
13554.0,42.94
13555.0,1247.24
13556.0,1.42
13557.0,991.81
13558.0,484.11
13559.0,162.96
13560.0,71.64
13561.0,43.19
13562.0,856.84
13563.0,244.76
13564.0,1089.69
13565.0,32.5
13566.0,136.44
13567.0,3.38
13568.0,47.09
13569.0,281.02
13570.0,37.0
13571.0,788.55
13572.0,58.25
13573.0,287.05
13574.0,15.62
13575.0,310.67
13576.0,2679.62
13577.0,1053.87
13578.0,14.88
13579.0,147.65
13580.0,4.71
13581.0,37.07
13582.0,29.01
13583.0,799.7
13584.0,32.32
13585.0,9.33
13586.0,13.3
13587.0,332.66
13588.0,662.47
13589.0,237.13
13590.0,1474.73
13591.0,401.4
13592.0,86.6
13593.0,507.09
13594.0,114.06
13595.0,33.97
13596.0,209.41
13597.0,20.94
13598.0,253.65
13599.0,3136.73
13600.0,43.42
13601.0,157.03
13602.0,503.17
13603.0,346.08
13604.0,90.67
13605.0,182.14
13606.0,60.31
13607.0,124.71
13608.0,17.61
13609.0,7.98
13610.0,460.51
13611.0,548.17
13612.0,91.02
13613.0,24.78
13614.0,353.66
13615.0,574.91
13616.0,4.11
13617.0,77.59
13618.0,21.49
13619.0,16.25
13620.0,10.71
13621.0,138.35
13622.0,134.28
13623.0,391.23
13624.0,270.86
13625.0,74.42
13626.0,204.61
13627.0,527.72
13628.0,25.22
13629.0,2314.79
13630.0,517.0
13631.0,1066.88
13632.0,312.76
13634.0,1217.65
13635.0,1091.23
13636.0,231.91
13637.0,262.4
13638.0,64.9
13639.0,410.55
13640.0,19.03
13641.0,7.34
13642.0,89.73
13643.0,500.37
13644.0,1172.96
13645.0,127.63
13646.0,41.98
13647.0,975.85
13648.0,9.49
13649.0,219.1
13650.0,772.19
13651.0,34.82
13652.0,622.11
13653.0,9.44
13654.0,1220.0
13655.0,736.36
13656.0,117.26
13657.0,111.04
13658.0,2280.05
13659.0,323.36
13660.0,149.36
13661.0,68.51
13662.0,401.45
13663.0,193.67
13665.0,82.43
13666.0,10.3
13667.0,56.68
13668.0,3002.95
13669.0,93.68
13670.0,214.58
13671.0,10.69
13672.0,2.67
13673.0,163.2
13674.0,65.91
13675.0,333.9
13676.0,7.89
13677.0,71.6
13678.0,249.79
13679.0,23.56
13680.0,2148.56
13681.0,212.47
13682.0,7.82
13683.0,13.52
13684.0,18.36
13685.0,1806.46
13686.0,49.01
13687.0,230.81
13688.0,11.54
13689.0,106.41
13690.0,76.62
13691.0,19.29
13692.0,1086.37
13693.0,46.4
13694.0,51135.92
13695.0,664.78
13696.0,91.3
13697.0,532.45
13698.0,96.39
13699.0,74.03
13700.0,641.6
13701.0,8.84
13702.0,3.81
13703.0,34.54
13704.0,1979.99
13705.0,400.59
13706.0,43.83
13707.0,512.49
13708.0,158.45
13709.0,2308.07
13710.0,244.39
13711.0,92.65
13712.0,328.38
13713.0,32.22
13714.0,8.84
13715.0,63.43
13716.0,79.92
13717.0,682.49
13718.0,76.68
13719.0,591.99
13720.0,271.51
13721.0,250.16
13722.0,1440.45
13723.0,67.61
13724.0,52.24
13725.0,781.68
13726.0,1217.64
13727.0,267.57
13728.0,576.86
13729.0,57.06
13730.0,140.5
13731.0,111.81
13732.0,1039.94
13733.0,42.78
13734.0,8.67
13735.0,2682.25
13736.0,531.28
13737.0,35.43
13738.0,48.56
13739.0,67.48
13740.0,34.19
13741.0,242.55
13742.0,510.31
13743.0,627.84
13744.0,291.41
13745.0,263.34
13746.0,3.05
13747.0,21.52
13748.0,1165.39
13750.0,896.95
13751.0,9.39
13752.0,525.39
13753.0,69.15
13754.0,188.16
13755.0,877.53
13756.0,2713.22
13757.0,16.31
13758.0,1524.9
13759.0,558.4
13760.0,182.76
13761.0,282.04
13762.0,311.82
13763.0,704.92
13764.0,475.56
13765.0,65.64
13766.0,6.09
13767.0,18787.83
13768.0,26.56
13769.0,1908.33
13770.0,30.61
13771.0,1432.65
13772.0,300.08
13773.0,11.59
13774.0,110.48
13775.0,29.79
13776.0,2.37
13777.0,24638.94
13778.0,342.1
13779.0,2.63
13780.0,94.71
13781.0,40.81
13782.0,407.51
13783.0,14.59
13784.0,1409.87
13785.0,10.18
13786.0,42.42
13787.0,285.81
13788.0,31.01
13789.0,7.05
13790.0,195.19
13791.0,512.86
13792.0,59.05
13793.0,4.15
13794.0,21.8
13795.0,26.48
13796.0,16.21
13797.0,57.66
13798.0,23290.73
13799.0,1244.53
13800.0,69.96
13801.0,195.58
13802.0,815.52
13803.0,444.56
13804.0,1038.54
13805.0,285.59
13806.0,260.48
13807.0,10.53
13808.0,1864.11
13809.0,120.78
13810.0,403.47
13811.0,254.47
13812.0,492.53
13813.0,852.21
13814.0,465.62
13815.0,1494.49
13816.0,372.79
13817.0,71.08
13818.0,3.0
13819.0,218.49
13820.0,30.92
13821.0,296.13
13822.0,629.74
13823.0,402.53
13824.0,1132.24
13825.0,1.53
13826.0,69.98
13827.0,275.76
13828.0,721.58
13829.0,60.97
13830.0,9.14
13831.0,2249.91
13832.0,349.88
13833.0,86.16
13834.0,14.55
13835.0,277.96
13836.0,97.61
13837.0,59.16
13838.0,185.45
13839.0,14.81
13840.0,181.67
13841.0,9.05
13842.0,1282.9
13843.0,94.33
13844.0,81.74
13845.0,165.52
13846.0,345.1
13847.0,50.52
13848.0,517.63
13849.0,679.98
13850.0,172.97
13851.0,1108.09
13852.0,45.06
13853.0,92.72
13854.0,2024.74
13855.0,20.31
13856.0,472.28
13857.0,32.43
13858.0,136.55
13859.0,26.06
13860.0,1382.23
13861.0,6.85
13862.0,1307.47
13863.0,78.01
13864.0,288.83
13865.0,93.76
13866.0,207.5
13867.0,600.87
13868.0,1747.56
13869.0,997.98
13870.0,1594.04
13871.0,1915.21
13872.0,17.72
13873.0,219.88
13874.0,27.29
13875.0,1592.7
13876.0,271.62
13877.0,146.7
13878.0,280.96
13879.0,69.16
13880.0,1225.94
13881.0,22469.57
13882.0,849.88
13883.0,939.43
13884.0,706.1
13885.0,219.66
13886.0,366.51
13887.0,130.94
13888.0,332.95
13889.0,281.63
13890.0,1542.35
13891.0,131.97
13892.0,201.96
13893.0,346.07
13894.0,245.33
13895.0,862.01
13896.0,42.34
13897.0,280.96
13898.0,200.63
13899.0,100.48
13900.0,76.52
13901.0,1147.91
13902.0,214.97
13903.0,12.63
13904.0,178.56
13905.0,45.71
13906.0,165.73
13907.0,26.04
13908.0,794.99
13909.0,10.09
13911.0,1345.03
13912.0,26.51
13913.0,8.41
13914.0,267.13
13915.0,15.62
13916.0,42.67
13917.0,109.17
13918.0,349.58
13919.0,148.82
13920.0,29.84
13921.0,10.96
13922.0,150.62
13923.0,193.94
13924.0,1424.9
13925.0,217.04
13926.0,440.4
13927.0,180.45
13928.0,335.5
13929.0,984.6
13930.0,215.89
13931.0,1343.18
13932.0,8.65
13933.0,74.83
13934.0,112.95
13935.0,42.48
13936.0,324.69
13937.0,178.15
13938.0,39.49
13939.0,300.47
13940.0,265.8
13941.0,1948.35
13942.0,35.95
13943.0,63.07
13944.0,82.54
13945.0,223.17
13946.0,145.88
13947.0,150.38
13948.0,14.78
13949.0,1334.37
13950.0,226.07
13951.0,251.04
13952.0,325.57
13953.0,2736.6
13954.0,408.52
13955.0,158.24
13956.0,263.64
13957.0,2.18
13958.0,7.91
13959.0,334.61
13960.0,135.14
13961.0,241.19
13962.0,61.62
13963.0,14.46
13964.0,14.64
13965.0,107.39
13966.0,25.26
13967.0,91.82
13968.0,32.78
13969.0,3388.78
13970.0,84.86
13971.0,1268.63
13972.0,137.72
13973.0,73.8
13974.0,236.15
13975.0,1360.22
13976.0,121.72
13977.0,155.4
13978.0,466.44
13979.0,263.59
13980.0,64.87
13981.0,15.74
13982.0,1945.61
13983.0,1933.31
13984.0,338.57
13985.0,2487.47
13986.0,334.19
13987.0,144.25
13988.0,898.09
13989.0,395.11
13990.0,160.38
13991.0,368.44
13992.0,48.09
13993.0,2644.12
13994.0,855.82
13995.0,964.93
13996.0,161.87
13997.0,17.63
13998.0,29.54
13999.0,1925.92
14000.0,381.53
14001.0,1742.44
14002.0,372.85
14003.0,26.73
14004.0,1422.59
14005.0,676.21
14006.0,490.99
14007.0,3.3
14008.0,249.36
14009.0,198.34
14010.0,65.26
14011.0,70.4
14012.0,62.18
14013.0,253.98
14014.0,534.08
14015.0,48.57
14016.0,1296.3
14017.0,152.47
14018.0,25.86
14019.0,634.39
14020.0,183.72
14021.0,194.83
14022.0,355.14
14023.0,214.51
14024.0,137.45
14025.0,37.02
14026.0,25.58
14027.0,23.98
14028.0,47.07
14029.0,399.05
14030.0,1640.69
14031.0,16662.38
14032.0,2064.26
14033.0,150.88
14034.0,229.38
14035.0,687.89
14036.0,200.57
14037.0,46.74
14038.0,608.93
14039.0,32.86
14040.0,2580.64
14041.0,51.47
14042.0,51.25
14043.0,11.07
14044.0,638.51
14045.0,1809.86
14046.0,17.89
14047.0,1645.88
14048.0,34.31
14049.0,2897.23
14050.0,714.05
14051.0,4150.99
14052.0,434.61
14053.0,123.71
14054.0,43.17
14055.0,314.1
14056.0,1980.03
14057.0,2512.8
14058.0,42.55
14059.0,65.19
14060.0,4624.01
14061.0,17.57
14062.0,9145.22
14063.0,48.39
14064.0,1387.53
14065.0,117.07
14066.0,88.54
14067.0,261.94
14068.0,277.6
14069.0,4.1
14070.0,57.64
14071.0,697.04
14072.0,23.61
14073.0,801.74
14074.0,26.01
14075.0,608.01
14076.0,57.68
14077.0,235.46
14078.0,205.61
14079.0,622.38
14080.0,408.33
14081.0,406.4
14082.0,38.25
14083.0,200.03
14084.0,18.77
14085.0,2985.25
14086.0,15.57
14087.0,119.06
14088.0,37854.26
14089.0,145.8
14090.0,0.54
14091.0,298.13
14092.0,2236.19
14093.0,697.85
14094.0,55.52
14095.0,30.1
14096.0,38392.33
14097.0,139.95
14098.0,359.51
14099.0,1982.8
14100.0,158.71
14101.0,1949.09
14102.0,1216.29
14104.0,82.71
14105.0,935.32
14106.0,18.69
14107.0,1709.08
14108.0,1843.76
14109.0,119.63
14110.0,3234.6
14111.0,134.46
14112.0,1271.59
14113.0,1893.85
14114.0,124.93
14115.0,155.87
14116.0,1071.44
14117.0,75.65
14118.0,65.31
14119.0,0.87
14121.0,1621.41
14122.0,4.12
14123.0,58.84
14124.0,100.76
14125.0,1726.19
14126.0,381.25
14127.0,227.41
14128.0,88.92
14129.0,1310.67
14130.0,200.84
14131.0,23.52
14132.0,2282.81
14133.0,155.07
14134.0,47.29
14135.0,3526.06
14136.0,9.75
14137.0,55.62
14138.0,1386.95
14139.0,281.48
14140.0,1815.47
14141.0,474.11
14142.0,236.64
14143.0,29.33
14144.0,45.47
14145.0,3965.82
14146.0,3104.66
14147.0,1240.2
14148.0,78.06
14149.0,166.39
14150.0,412.03
14151.0,14.16
14152.0,578.09
14153.0,23.24
14154.0,1133.58
14155.0,94.9
14156.0,70253.47
14157.0,307.06
14158.0,1029.9
14159.0,2488.87
14160.0,110.09
14161.0,439.71
14162.0,130.09
14163.0,586.71
14164.0,1283.6
14165.0,33.37
14166.0,8.62
14167.0,208.34
14168.0,1.84
14169.0,14.97
14170.0,28.45
14171.0,38.6
14172.0,5.91
14173.0,103.61
14174.0,26.05
14175.0,1578.69
14176.0,46.72
14177.0,245.47
14178.0,654.24
14179.0,480.05
14180.0,1431.72
14181.0,3.92
14182.0,29.01
14183.0,4.4
14184.0,306.08
14185.0,23.66
14186.0,8.97
14187.0,18.3
14188.0,633.67
14189.0,2286.96
14190.0,3.94
14191.0,1624.73
14192.0,70.22
14193.0,254.1
14194.0,3117.95
14195.0,156.42
14196.0,155.93
14197.0,13.22
14198.0,171.07
14199.0,61.85
14200.0,40.85
14201.0,279.58
14202.0,72.68
14203.0,15.05
14204.0,300.54
14205.0,879.21
14206.0,213.95
14207.0,9.67
14208.0,120.94
14209.0,1325.8
14210.0,1382.99
14211.0,1884.49
14212.0,102.58
14213.0,9.8
14214.0,377.48
14215.0,657.04
14216.0,563.47
14217.0,1037.04
14218.0,129.14
14219.0,556.13
14220.0,252.0
14221.0,1735.14
14222.0,366.37
14223.0,115.43
14224.0,313.12
14225.0,8.03
14226.0,839.58
14227.0,2054.07
14228.0,25.72
14229.0,670.74
14230.0,135.6
14231.0,204.26
14232.0,1007.69
14233.0,1093.62
14234.0,607.3
14235.0,1659.32
14236.0,295.15
14237.0,63.3
14238.0,5.5
14239.0,1511.2
14240.0,717.86
14241.0,21.9
14242.0,70.89
14243.0,3234.18
14244.0,19.92
14245.0,479.44
14246.0,1315.26
14247.0,22.77
14248.0,179.39
14249.0,1.57
14250.0,1927.0
14251.0,2439.93
14252.0,20.88
14253.0,4.54
14254.0,193.55
14255.0,24.05
14256.0,409.06
14257.0,1325.1
14258.0,11854.28
14259.0,50.57
14260.0,34.19
14261.0,735.76
14262.0,1329.0
14263.0,50.77
14264.0,221.06
14265.0,246.96
14266.0,49.26
14267.0,455.75
14268.0,27.62
14269.0,25.21
14270.0,183.78
14271.0,76.19
14272.0,153.08
14273.0,178.09
14274.0,37.65
14275.0,81.68
14276.0,555.42
14277.0,6281.38
14278.0,6.84
14279.0,1.7
14280.0,130.61
14281.0,42.68
14282.0,2702.32
14283.0,4.1
14284.0,1189.54
14285.0,703.33
14286.0,2000.93
14287.0,64.21
14288.0,59.22
14289.0,167.02
14290.0,783.68
14291.0,2432.75
14292.0,1791.66
14293.0,1182.42
14294.0,9.34
14295.0,231.52
14296.0,111.52
14297.0,324.96
14298.0,36649.1
14299.0,5351.74
14300.0,1687.42
14301.0,185.65
14302.0,41.2
14303.0,11.35
14304.0,76.09
14305.0,816.33
14306.0,967.1
14307.0,1457.95
14308.0,7.65
14309.0,711.08
14310.0,259.82
14311.0,31.85
14312.0,1285.64
14314.0,35.61
14315.0,794.75
14316.0,6.11
14317.0,414.55
14318.0,12.99
14319.0,201.66
14320.0,209.45
14321.0,421.36
14322.0,2.39
14323.0,356.24
14324.0,13.28
14325.0,47.98
14326.0,101.2
14327.0,231.22
14328.0,15.17
14329.0,2904.92
14330.0,12.18
14331.0,116.77
14332.0,659.72
14333.0,238.33
14334.0,1241.95
14335.0,678.0
14336.0,637.92
14338.0,112.83
14339.0,281.69
14340.0,28.08
14341.0,1514.55
14342.0,517.7
14343.0,51.82
14344.0,129.03
14345.0,205.85
14346.0,653.61
14347.0,4.5
14348.0,99.94
14349.0,14.94
14350.0,306.36
14351.0,6.21
14352.0,335.98
14353.0,93.81
14354.0,665.12
14355.0,199.95
14356.0,410.72
14357.0,643.0
14358.0,43.97
14359.0,564.12
14360.0,1274.3
14361.0,31.05
14362.0,594.98
14363.0,28.37
14364.0,931.64
14365.0,191.05
14366.0,69.33
14367.0,5896.02
14368.0,12.73
14369.0,64.68
14370.0,23.74
14371.0,55.29
14372.0,34.0
14373.0,37.47
14374.0,2.73
14375.0,297.12
14376.0,20.43
14377.0,82.88
14378.0,17.75
14379.0,76.07
14380.0,24.07
14381.0,97.76
14382.0,799.96
14383.0,503.51
14384.0,1.11
14385.0,108.26
14386.0,51.24
14387.0,962.69
14388.0,1800.88
14389.0,323.63
14390.0,2507.94
14391.0,37.6
14392.0,39.9
14393.0,12.97
14394.0,2.87
14395.0,3754.5
14396.0,280.13
14397.0,1422.03
14398.0,19.96
14399.0,3.19
14400.0,191.21
14401.0,3207.24
14402.0,26.21
14403.0,642.6
14404.0,1484.08
14405.0,19.81
14406.0,55.14
14407.0,760.17
14408.0,788.32
14409.0,1260.74
14410.0,997.49
14411.0,16.4
14412.0,329.99
14413.0,30.4
14414.0,826.98
14415.0,2103.66
14416.0,622.25
14417.0,58.71
14418.0,1422.32
14419.0,277.86
14420.0,103.82
14421.0,556.29
14422.0,2653.3
14423.0,346.36
14424.0,40.05
14425.0,94.18
14426.0,3640.94
14427.0,203.03
14428.0,291.88
14429.0,119.1
14430.0,99.22
14431.0,869.14
14432.0,1488.2
14433.0,62.57
14434.0,1179.61
14435.0,3.83
14436.0,281.18
14437.0,123.62
14438.0,11.63
14439.0,815.49
14440.0,1410.84
14441.0,1497.51
14442.0,1378.07
14443.0,715.53
14444.0,14.96
14445.0,10.77
14446.0,472.2
14447.0,539.16
14448.0,73.36
14449.0,1295.32
14450.0,138.85
14451.0,552.95
14452.0,81.99
14453.0,54.85
14454.0,169.93
14455.0,7.54
14456.0,1012.34
14457.0,24.15
14458.0,13.18
14459.0,406.08
14460.0,238.6
14461.0,1164.0
14462.0,495.36
14463.0,113.91
14464.0,0.37
14465.0,55.22
14466.0,1449.24
14467.0,362.39
14468.0,22.81
14469.0,15.01
14470.0,130.24
14471.0,13.28
14472.0,364.97
14473.0,69.48
14474.0,555.66
14475.0,229.61
14476.0,112.67
14477.0,619.02
14478.0,41.86
14479.0,150.54
14480.0,108.7
14481.0,495.29
14482.0,1721.98
14483.0,4.8
14484.0,396.96
14485.0,233.8
14486.0,3.25
14487.0,465.47
14488.0,207.06
14489.0,137.7
14490.0,76.91
14491.0,86.98
14492.0,6.39
14493.0,1765.67
14494.0,48.96
14495.0,61.81
14496.0,183.21
14497.0,124.72
14498.0,1093.18
14499.0,626.66
14500.0,106.93
14501.0,19.99
14502.0,1092.58
14503.0,1014.14
14504.0,261.54
14505.0,2708.63
14506.0,367.92
14507.0,736.4
14508.0,160.77
14509.0,25.92
14510.0,169.29
14511.0,1016.7
14512.0,95.34
14513.0,217.46
14514.0,981.59
14515.0,1172.34
14516.0,50.08
14517.0,301.21
14518.0,109.9
14519.0,4.4
14520.0,88.6
14521.0,7.57
14522.0,691.64
14523.0,286.69
14524.0,1087.75
14525.0,2666.83
14526.0,22.52
14527.0,6605.72
14528.0,364.04
14529.0,332.34
14530.0,2401.41
14531.0,12.4
14532.0,19.74
14533.0,851.43
14534.0,2118.48
14535.0,1187.54
14536.0,4.98
14537.0,144.93
14538.0,100.74
14539.0,519.47
14540.0,314.82
14541.0,750.02
14542.0,18.77
14543.0,2480.57
14544.0,773.9
14545.0,31.34
14546.0,1534.41
14547.0,3855.71
14548.0,401.79
14549.0,65.25
14550.0,333.69
14551.0,194.37
14552.0,16.55
14553.0,310.24
14554.0,2736.47
14555.0,454.82
14556.0,24.58
14557.0,144.35
14558.0,5.53
14559.0,5.68
14560.0,1703.15
14561.0,354.83
14562.0,1717.79
14563.0,31.91
14564.0,76.01
14565.0,1277.14
14566.0,443.54
14567.0,857.36
14568.0,35.23
14569.0,134.87
14570.0,26.57
14571.0,2.2
14572.0,1591.79
14573.0,307.48
14574.0,23.81
14575.0,24.92
14576.0,22.85
14577.0,145.64
14578.0,140.2
14579.0,39.61
14580.0,81.9
14581.0,189.34
14582.0,95.32
14583.0,315.64
14584.0,284.4
14585.0,284.08
14586.0,13.61
14587.0,328.47
14588.0,21.76
14589.0,39.7
14590.0,0.82
14591.0,586.86
14592.0,455.71
14593.0,554.31
14594.0,135.75
14595.0,726.19
14596.0,40.77
14597.0,524.47
14598.0,215.84
14599.0,159.1
14600.0,74.23
14601.0,108.12
14602.0,39.11
14603.0,202.5
14604.0,42.47
14605.0,138.14
14606.0,12559.9
14607.0,9239.19
14608.0,1133.2
14609.0,254.44
14610.0,31.42
14611.0,36.99
14612.0,50.02
14613.0,3.26
14614.0,49.73
14615.0,43.95
14616.0,39.37
14617.0,1.56
14618.0,379.16
14619.0,192.36
14620.0,75.78
14621.0,1226.59
14622.0,171.08
14623.0,373.12
14624.0,119.34
14625.0,432.79
14626.0,1466.7
14627.0,180.78
14628.0,250.3
14629.0,790.11
14630.0,9.89
14631.0,496.46
14632.0,69.2
14633.0,115.48
14634.0,33.98
14635.0,12.16
14636.0,231.51
14637.0,12.73
14638.0,1130.57
14639.0,926.94
14640.0,580.08
14641.0,150.95
14642.0,92.63
14643.0,164.33
14644.0,221.84
14645.0,152.53
14646.0,156664.75
14647.0,66.0
14648.0,11.79
14649.0,889.08
14650.0,1.38
14651.0,550.92
14652.0,54.86
14653.0,884.0
14654.0,6.93
14655.0,674.47
14656.0,120.74
14657.0,308.9
14658.0,164.14
14659.0,512.33
14660.0,139.77
14661.0,356.78
14662.0,225.36
14663.0,43.97
14664.0,272.9
14665.0,902.25
14666.0,1229.96
14667.0,4881.35
14668.0,1.35
14669.0,60.24
14670.0,42.75
14671.0,25.3
14672.0,132.12
14673.0,1191.21
14674.0,7.82
14675.0,267.12
14676.0,2905.97
14677.0,44.7
14678.0,53.76
14679.0,112.87
14680.0,23716.01
14681.0,456.72
14682.0,59.28
14683.0,95.44
14684.0,455.86
14685.0,46.07
14686.0,12.31
14687.0,155.85
14688.0,4387.51
14689.0,53.96
14690.0,249.23
14691.0,708.95
14692.0,209.19
14693.0,55.53
14694.0,33.21
14695.0,22.55
14696.0,838.04
14697.0,54.05
14698.0,1143.29
14699.0,67.81
14700.0,1249.59
14701.0,1836.88
14702.0,2176.75
14703.0,211.94
14704.0,271.21
14705.0,2.68
14706.0,44.04
14707.0,0.43
14708.0,383.09
14709.0,3023.65
14710.0,443.07
14711.0,979.89
14712.0,202.96
14713.0,1145.89
14714.0,299.22
14715.0,712.75
14716.0,171.4
14717.0,0.89
14718.0,13.55
14719.0,307.65
14720.0,207.34
14721.0,28.37
14722.0,111.11
14723.0,525.41
14724.0,59.8
14725.0,320.57
14726.0,11.71
14727.0,69.31
14728.0,1.95
14729.0,166.12
14730.0,308.71
14731.0,124.95
14732.0,1231.03
14733.0,4183.06
14734.0,21.07
14735.0,3896.41
14736.0,29.36
14737.0,782.74
14738.0,200.62
14739.0,4057.48
14740.0,354.59
14741.0,605.48
14742.0,77.61
14743.0,1.36
14744.0,1512.26
14745.0,1196.43
14746.0,40.26
14747.0,27.13
14748.0,577.63
14749.0,40.21
14750.0,15.25
14751.0,0.34
14752.0,265.31
14753.0,81.87
14754.0,161.14
14755.0,2253.93
14756.0,715.05
14757.0,323.85
14758.0,533.35
14759.0,1141.27
14760.0,7.82
14761.0,71.21
14762.0,90.91
14764.0,398.46
14765.0,151.55
14766.0,1859.87
14767.0,12.3
14768.0,69.42
14769.0,4103.63
14770.0,464.42
14771.0,15.87
14772.0,65.11
14773.0,46.5
14774.0,35.61
14775.0,668.28
14776.0,1461.09
14777.0,15.34
14778.0,125.97
14779.0,21.45
14780.0,387.43
14782.0,5.94
14783.0,59.68
14784.0,179.18
14785.0,48.39
14786.0,9.12
14787.0,8.12
14788.0,1471.28
14789.0,140.44
14790.0,425.66
14791.0,127.5
14792.0,71.44
14793.0,407.23
14794.0,815.24
14795.0,27.48
14796.0,2558.05
14797.0,5.41
14798.0,122.18
14799.0,424.53
14800.0,2816.68
14801.0,217.87
14802.0,0.86
14803.0,252.91
14804.0,89.84
14805.0,371.95
14806.0,108.47
14807.0,67.24
14808.0,811.87
14809.0,29.71
14810.0,905.16
14811.0,3.21
14812.0,93.06
14813.0,120.58
14814.0,34.04
14815.0,427.58
14816.0,30.77
14817.0,515.53
14818.0,327.65
14819.0,165.52
14820.0,363.29
14821.0,65.84
14822.0,16.06
14823.0,23.55
14824.0,1204.65
14825.0,1038.22
14826.0,3.87
14828.0,597.87
14829.0,394.93
14830.0,352.21
14831.0,5.02
14832.0,18.67
14833.0,1.34
14834.0,578.52
14835.0,10.62
14836.0,44.54
14837.0,1244.8
14838.0,31.97
14839.0,1.86
14840.0,147.95
14841.0,1260.96
14842.0,1378.59
14843.0,16.04
14844.0,2463.33
14845.0,160.67
14846.0,46.28
14847.0,176.57
14848.0,4.41
14849.0,4679.54
14850.0,192.62
14851.0,271.01
14852.0,1538.68
14853.0,238.19
14854.0,1072.83
14855.0,1409.76
14856.0,1485.8
14857.0,419.82
14858.0,6.15
14859.0,137.5
14860.0,143.98
14861.0,304.91
14862.0,365.98
14863.0,342.96
14865.0,17.78
14866.0,4151.38
14867.0,381.78
14868.0,1920.96
14869.0,281.56
14870.0,432.39
14871.0,227.44
14872.0,22.48
14873.0,69.91
14874.0,43.09
14875.0,214.65
14876.0,1.75
14877.0,5.79
14878.0,659.88
14879.0,11.56
14880.0,231.48
14881.0,139.94
14882.0,1231.75
14883.0,324.41
14884.0,13.24
14885.0,133.47
14886.0,88.46
14887.0,99.48
14888.0,160.31
14889.0,35.97
14890.0,62.7
14891.0,235.67
14892.0,30.84
14893.0,358.61
14894.0,166.35
14895.0,6853.43
14896.0,338.09
14897.0,652.43
14898.0,783.48
14899.0,279.27
14900.0,76.78
14901.0,833.84
14902.0,781.57
14903.0,1136.93
14904.0,499.92
14905.0,599.85
14906.0,1.43
14907.0,1567.96
14908.0,67.94
14909.0,31.6
14910.0,63.52
14911.0,89125.15
14912.0,294.14
14913.0,1947.68
14915.0,197.37
14916.0,1089.36
14917.0,42.65
14918.0,2699.78
14919.0,3.47
14920.0,64.72
14921.0,1016.43
14922.0,139.73
14923.0,350.56
14924.0,77.56
14926.0,14.98
14927.0,98.13
14928.0,66.39
14929.0,295.04
14930.0,638.21
14931.0,775.24
14932.0,132.56
14933.0,23.57
14934.0,369.5
14935.0,200.37
14936.0,2845.98
14937.0,612.61
14938.0,46.11
14940.0,26.95
14941.0,57.53
14942.0,16.67
14943.0,6.97
14944.0,2127.55
14945.0,3.53
14946.0,31.96
14947.0,342.08
14948.0,470.79
14949.0,6.76
14950.0,111.73
14951.0,129.3
14952.0,2963.93
14953.0,446.74
14954.0,99.33
14955.0,25.03
14956.0,56.13
14957.0,4.89
14958.0,57.65
14959.0,239.98
14960.0,111.68
14961.0,7126.73
14962.0,28.38
14963.0,990.17
14964.0,73.29
14965.0,208.67
14966.0,356.14
14967.0,687.83
14968.0,237.44
14969.0,155.91
14970.0,1159.44
14971.0,591.51
14972.0,66.04
14973.0,983.56
14974.0,177.9
14975.0,253.22
14976.0,60.43
14977.0,5.77
14978.0,209.09
14979.0,42.06
14980.0,27.99
14981.0,115.66
14982.0,55.74
14983.0,73.22
14984.0,181.58
14985.0,29.75
14986.0,141.32
14987.0,315.23
14988.0,565.96
14989.0,44.89
14990.0,7.33
14991.0,23.47
14992.0,0.69
14993.0,3.36
14994.0,27.4
14995.0,97.22
14996.0,155.5
14997.0,192.44
14998.0,102.57
14999.0,12.12
15000.0,428.54
15001.0,21.48
15002.0,725.42
15003.0,37.7
15004.0,94.29
15005.0,4034.68
15006.0,483.68
15007.0,35.91
15008.0,12.28
15009.0,719.29
15010.0,378.8
15011.0,23.23
15012.0,233.33
15013.0,26.56
15014.0,160.98
15015.0,11.99
15016.0,67.26
15017.0,147.78
15018.0,604.21
15019.0,44.33
15020.0,4.48
15021.0,724.21
15022.0,376.84
15023.0,2735.1
15024.0,1342.92
15025.0,826.23
15026.0,290.45
15027.0,926.52
15028.0,406.51
15029.0,28.23
15030.0,940.36
15031.0,805.74
15032.0,395.17
15033.0,841.93
15034.0,2134.54
15035.0,22.37
15036.0,267.33
15037.0,52.42
15038.0,426.98
15039.0,17001.96
15040.0,67.54
15041.0,14.82
15042.0,37.62
15043.0,811.08
15044.0,4559.97
15045.0,132.86
15046.0,1966.19
15047.0,167.51
15048.0,114.89
15049.0,26.39
15050.0,1345.51
15051.0,1451.78
15052.0,2.21
15053.0,213.64
15054.0,666.09
15055.0,21.56
15056.0,33.07
15057.0,481.67
15058.0,945.4
15059.0,1046.48
15060.0,92.43
15061.0,34466.74
15062.0,986.16
15063.0,34.38
15064.0,22.29
15065.0,797.12
15066.0,177.46
15067.0,702.64
15068.0,204.31
15069.0,33.77
15070.0,112.93
15071.0,378.62
15072.0,12.25
15073.0,1033.94
15074.0,39.12
15075.0,368.0
15076.0,95.55
15077.0,69.99
15078.0,9066.45
15079.0,190.76
15080.0,43.62
15081.0,390.17
15082.0,1.26
15083.0,64.66
15084.0,215.69
15085.0,28.64
15086.0,3.14
15087.0,74.53
15088.0,864.77
15089.0,847.09
15090.0,69.05
15091.0,379.59
15092.0,72.82
15093.0,3985.82
15094.0,1.33
15095.0,1026.44
15096.0,126.04
15097.0,372.77
15098.0,10.39
15099.0,102.3
15100.0,226.84
15101.0,168.74
15102.0,229.24
15103.0,885.04
15104.0,360.7
15105.0,1002.73
15106.0,499.05
15107.0,15.33
15108.0,348.75
15109.0,18.94
15110.0,217.74
15111.0,468.11
15112.0,40.11
15113.0,932.68
15114.0,1865.78
15115.0,281.47
15116.0,1062.27
15117.0,442.37
15118.0,302.69
15119.0,74.94
15120.0,102.53
15121.0,364.97
15122.0,1232.13
15123.0,532.5
15124.0,220.66
15125.0,4991.8
15126.0,103.74
15127.0,201.39
15128.0,526.3
15129.0,3309.69
15130.0,48.14
15131.0,22.71
15132.0,358.66
15133.0,290.44
15134.0,329.69
15135.0,30.63
15136.0,1531.7
15137.0,39.21
15138.0,368.28
15139.0,30.77
15140.0,869.32
15141.0,29.16
15142.0,1060.46
15143.0,124.92
15144.0,2576.75
15145.0,250.75
15146.0,643.05
15147.0,187.41
15148.0,66.09
15149.0,79.95
15150.0,3387.44
15151.0,2.94
15152.0,1258.81
15153.0,670.43
15154.0,278.03
15155.0,116.85
15156.0,694.9
15157.0,557.6
15158.0,135.11
15159.0,3020.53
15160.0,30.61
15161.0,23.97
15162.0,16.66
15163.0,127.0
15164.0,217.71
15165.0,60.63
15166.0,43.54
15167.0,25.15
15168.0,319.96
15169.0,166.39
15170.0,11.68
15171.0,22.08
15172.0,892.51
15173.0,38.39
15174.0,52.21
15175.0,602.8
15176.0,79.68
15177.0,72.49
15178.0,6.53
15179.0,1423.6
15180.0,189.4
15181.0,581.24
15182.0,320.29
15183.0,34.58
15184.0,86.52
15185.0,500.89
15186.0,431.03
15187.0,6008.76
15188.0,54.77
15189.0,2571.97
15190.0,157.63
15191.0,30.66
15192.0,459.58
15193.0,194.55
15194.0,4266.82
15195.0,520.34
15196.0,3.6
15197.0,374.82
15198.0,226.4
15199.0,1583.82
15200.0,108.4
15201.0,515.09
15202.0,0.71
15203.0,2092.75
15204.0,14.66
15205.0,208.35
15206.0,20.99
15207.0,24.87
15208.0,281.91
15209.0,25.55
15210.0,232.83
15211.0,244.81
15212.0,16.56
15213.0,101.5
15214.0,445.05
15215.0,394.92
15216.0,110.98
15217.0,84.91
15218.0,4354.84
15219.0,87.47
15220.0,746.87
15221.0,198.47
15222.0,159.31
15223.0,32.53
15224.0,14.33
15225.0,74.73
15226.0,5.88
15227.0,929.4
15228.0,1464.21
15229.0,20.81
15230.0,133.43
15231.0,44.15
15232.0,322.07
15233.0,6.07
15234.0,23.73
15235.0,35.23
15236.0,77.91
15237.0,711.4
15238.0,530.49
15239.0,757.89
15240.0,3076.7
15241.0,995.64
15242.0,25.47
15243.0,61.56
15244.0,211.7
15245.0,1266.3
15246.0,80.26
15247.0,215.26
15248.0,38.21
15249.0,2093.53
15250.0,1.16
15251.0,2695.32
15252.0,602.19
15253.0,567.85
15254.0,361.67
15255.0,1254.1
15256.0,41.31
15257.0,17.7
15258.0,243.86
15259.0,78.69
15260.0,982.12
15261.0,411.57
15262.0,19.58
15263.0,89.97
15264.0,71.11
15265.0,614.99
15266.0,31.54
15267.0,1151.61
15268.0,117.57
15269.0,304.4
15270.0,1510.0
15271.0,1642.84
15272.0,186.59
15273.0,126.2
15274.0,726.39
15275.0,549.0
15276.0,289.12
15277.0,113.59
15278.0,34.27
15279.0,21.5
15280.0,46.71
15281.0,2036.04
15282.0,17.33
15283.0,8.68
15284.0,115.12
15285.0,6.9
15286.0,206.66
15287.0,132.9
15288.0,989.23
15289.0,81.75
15290.0,3485.44
15291.0,3518.51
15292.0,12.42
15293.0,20.51
15294.0,23.58
15295.0,33.68
15296.0,1954.49
15297.0,216.06
15298.0,2134.7
15299.0,3230.18
15300.0,313.44
15301.0,2263.91
15302.0,29.68
15303.0,73.25
15304.0,124.58
15305.0,0.88
15306.0,1301.71
15307.0,190.14
15308.0,94.1
15309.0,55.98
15310.0,24.23
15311.0,49256.76
15312.0,1038.6
15313.0,55.14
15314.0,361.53
15315.0,395.24
15316.0,2.19
15317.0,5.51
15318.0,196.79
15319.0,18.63
15320.0,447.32
15321.0,1048.47
15322.0,452.42
15323.0,15.22
15324.0,37.9
15325.0,184.64
15326.0,149.84
15327.0,113.13
15328.0,9.81
15329.0,1044.42
15330.0,562.67
15331.0,19.95
15332.0,22.93
15333.0,48.56
15334.0,130.91
15335.0,96.15
15336.0,30.87
15337.0,9.45
15338.0,72.83
15339.0,336.05
15340.0,6.78
15341.0,77.81
15342.0,86.33
15343.0,32.89
15344.0,1031.2
15345.0,177.9
15346.0,36.6
15347.0,459.64
15348.0,275.31
15349.0,97.09
15350.0,41.74
15351.0,538.47
15352.0,40.86
15353.0,158.17
15354.0,2.7
15355.0,229.54
15356.0,1915.57
15358.0,5501.59
15359.0,0.3
15360.0,718.85
15361.0,34.85
15362.0,44.18
15363.0,158.38
15364.0,196.29
15365.0,1448.17
15366.0,478.93
15367.0,1075.07
15368.0,317.84
15369.0,95.62
15370.0,679.42
15371.0,6.91
15372.0,1196.74
15373.0,797.26
15374.0,154.02
15375.0,1.56
15376.0,677.73
15377.0,111.8
15378.0,20.72
15379.0,829.55
15380.0,1448.86
15381.0,356.11
15382.0,3833.23
15384.0,230.12
15385.0,539.1
15386.0,119.78
15387.0,40.5
15388.0,53.11
15389.0,293.17
15390.0,139.89
15391.0,81.73
15392.0,965.34
15393.0,340.33
15394.0,982.71
15395.0,4.18
15396.0,434.44
15397.0,5.55
15398.0,1677.45
15399.0,782.2
15400.0,557.52
15401.0,3.13
15402.0,689.63
15403.0,8.28
15404.0,14.46
15405.0,106.19
15406.0,433.77
15407.0,263.95
15408.0,51.09
15409.0,10.5
15410.0,1752.38
15411.0,356.83
15412.0,35.72
15413.0,94.32
15414.0,178.68
15415.0,32.53
15416.0,907.44
15417.0,654.33
15418.0,6.34
15419.0,517.08
15420.0,24.33
15421.0,481.23
15422.0,145.55
15423.0,62.35
15424.0,138.36
15425.0,20.42
15426.0,323.41
15427.0,761.18
15428.0,174.97
15429.0,337.74
15430.0,30.23
15431.0,16.29
15432.0,78.4
15433.0,141.74
15434.0,881.5
15435.0,222.19
15436.0,271.33
15437.0,130.11
15438.0,22.12
15439.0,100.69
15440.0,421.21
15441.0,252.04
15442.0,95.62
15443.0,1999.0
15444.0,1365.19
15445.0,55.08
15446.0,28.47
15447.0,10.41
15448.0,218.35
15449.0,304.6
15450.0,901.02
15451.0,22.51
15452.0,894.73
15453.0,504.61
15454.0,15.9
15455.0,14.46
15456.0,105.73
15457.0,68.86
15458.0,129.41
15459.0,3.0
15460.0,15.51
15461.0,19.34
15462.0,66.48
15463.0,186.01
15464.0,77.21
15465.0,1282.3
15466.0,114.74
15467.0,373.14
15468.0,434.84
15469.0,285.87
15470.0,2.83
15471.0,214.09
15472.0,37.75
15473.0,324.11
15474.0,16.81
15475.0,354.26
15476.0,7.84
15477.0,79.51
15478.0,567.42
15479.0,13.89
15480.0,451.95
15481.0,19.32
15482.0,2135.86
15483.0,87.26
15484.0,824.46
15485.0,1208.32
15486.0,13.31
15487.0,62.23
15488.0,76.01
15489.0,767.2
15490.0,13.63
15491.0,1301.44
15492.0,367.81
15493.0,1023.82
15494.0,746.89
15495.0,9.92
15496.0,35.63
15497.0,972.65
15498.0,5294.47
15499.0,45.55
15500.0,1071.9
15501.0,33.25
15502.0,4608.86
15503.0,16.78
15504.0,85.08
15505.0,450.17
15506.0,769.13
15507.0,75.14
15508.0,166.52
15509.0,1.5
15510.0,14.28
15511.0,404.19
15512.0,38.58
15513.0,14209.28
15514.0,2346.02
15515.0,12.86
15516.0,76.68
15517.0,171.8
15518.0,1041.27
15519.0,10.88
15520.0,86.49
15521.0,1681.18
15522.0,294.6
15523.0,2631.23
15524.0,743.57
15525.0,215.51
15526.0,18.86
15527.0,1041.5
15528.0,60.81
15529.0,1415.48
15530.0,479.95
15531.0,2084.88
15532.0,544.39
15533.0,321.97
15534.0,17.35
15535.0,86.5
15536.0,2.38
15537.0,59.49
15538.0,67.24
15539.0,2261.51
15540.0,154.44
15541.0,33.16
15542.0,25.07
15543.0,34.65
15544.0,1721.33
15545.0,152.91
15546.0,39.23
15547.0,3194.26
15548.0,11.01
15549.0,338.23
15550.0,587.64
15551.0,382.15
15552.0,45.23
15553.0,143.19
15554.0,21.87
15555.0,2964.46
15556.0,378.51
15557.0,761.87
15558.0,29.99
15559.0,55.0
15560.0,1.2
15561.0,559.97
15562.0,78.56
15563.0,658.24
15564.0,0.68
15565.0,156.2
15566.0,10.85
15567.0,208.05
15568.0,667.5
15569.0,991.8
15570.0,2022.47
15571.0,1630.71
15572.0,935.76
15573.0,339.11
15574.0,109.71
15575.0,8.21
15576.0,142.12
15577.0,86.27
15578.0,211.83
15579.0,326.83
15580.0,33.62
15581.0,713.76
15582.0,450.47
15583.0,21.74
15584.0,369.44
15585.0,75.13
15586.0,12.28
15587.0,118.24
15588.0,17.16
15589.0,93.2
15590.0,15.39
15591.0,1.04
15592.0,269.71
15593.0,434.7
15594.0,703.96
15595.0,3.44
15596.0,936.26
15597.0,332.8
15598.0,174.53
15599.0,545.31
15600.0,22.8
15601.0,5230.42
15602.0,1317.39
15603.0,60.28
15604.0,171.28
15605.0,463.79
15606.0,1906.45
15607.0,18.52
15608.0,414.19
15609.0,151.77
15610.0,35.1
15611.0,1155.39
15612.0,91.99
15613.0,18.22
15614.0,29.61
15615.0,6164.7
15616.0,36.97
15617.0,148.07
15618.0,599.8
15619.0,40.33
15620.0,780.95
15621.0,1267.08
15622.0,1978.76
15623.0,874.37
15624.0,301.37
15625.0,1319.76
15626.0,492.88
15627.0,65.41
15628.0,1918.39
15629.0,2.85
15630.0,102.6
15631.0,70.82
15632.0,1498.21
15633.0,102.94
15634.0,247.93
15635.0,9.09
15636.0,201.67
15637.0,158.08
15638.0,13.95
15639.0,167.36
15640.0,9865.88
15641.0,1295.8
15642.0,12.35
15643.0,131.3
15644.0,282.63
15645.0,407.85
15646.0,632.75
15647.0,2.31
15648.0,59.23
15649.0,116.21
15650.0,62.32
15651.0,645.98
15652.0,369.89
15653.0,269.74
15654.0,717.3
15655.0,102.19
15656.0,191.22
15657.0,15644.78
15658.0,304.35
15659.0,187.01
15660.0,1154.46
15661.0,78.1
15662.0,6.89
15663.0,105.61
15664.0,285.81
15665.0,1208.32
15666.0,31.86
15667.0,604.9
15668.0,1.15
15669.0,285.31
15670.0,12.77
15671.0,1078.51
15672.0,6.64
15673.0,2496.18
15674.0,1063.15
15675.0,172.88
15676.0,646.28
15677.0,78.42
15678.0,480.12
15679.0,283.03
15680.0,1585.07
15681.0,1041.99
15682.0,4.22
15683.0,203.92
15684.0,0.86
15685.0,1.42
15686.0,21.37
15687.0,588.64
15688.0,1.46
15689.0,70.2
15690.0,517.91
15691.0,18.71
15692.0,307.31
15693.0,18.36
15694.0,2413.69
15695.0,356.1
15696.0,1422.81
15697.0,96.57
15698.0,7.04
15699.0,184.89
15700.0,89.66
15701.0,621.22
15702.0,0.45
15703.0,111.37
15704.0,1436.96
15705.0,24.97
15706.0,775.48
15707.0,1009.55
15708.0,1311.62
15709.0,4.28
15710.0,52.4
15711.0,57.01
15712.0,657.81
15713.0,137.12
15714.0,80.03
15715.0,10.33
15716.0,545.5
15717.0,58.92
15718.0,13.98
15719.0,3252.5
15720.0,207.29
15721.0,594.91
15722.0,1711.16
15723.0,148.03
15724.0,23.58
15725.0,348.68
15726.0,385.51
15727.0,3120.29
15728.0,7.57
15729.0,3.26
15730.0,749.06
15731.0,9.61
15732.0,114.36
15733.0,8.9
15734.0,597.4
15735.0,44.58
15736.0,132.66
15737.0,548.63
15738.0,2631.43
15739.0,312.59
15740.0,133.59
15741.0,0.7
15742.0,33.19
15743.0,310.22
15744.0,58.99
15745.0,560.92
15746.0,64.56
15747.0,846.58
15748.0,294.82
15749.0,6506.98
15750.0,2528.07
15751.0,36.09
15752.0,1915.54
15753.0,0.43
15754.0,1470.01
15755.0,2121.04
15756.0,179.65
15757.0,719.01
15758.0,609.29
15759.0,63.43
15760.0,14.38
15761.0,6.46
15762.0,222.27
15763.0,836.24
15764.0,879.07
15765.0,33.41
15766.0,364.48
15768.0,907.25
15769.0,59130.95
15770.0,46.41
15771.0,56.41
15772.0,66.16
15773.0,247.45
15774.0,356.86
15775.0,10.85
15776.0,92.34
15777.0,44.96
15778.0,21.53
15779.0,2.25
15780.0,67.86
15781.0,119.91
15782.0,615.55
15783.0,170.57
15784.0,37.49
15785.0,3277.59
15786.0,1457.6
15787.0,328.82
15788.0,15.65
15789.0,65.58
15790.0,217.54
15791.0,752.49
15792.0,75.97
15793.0,1524.8
15794.0,92.07
15795.0,688.23
15796.0,1751.94
15797.0,1122.35
15798.0,17.79
15799.0,357.25
15800.0,239.68
15801.0,725.58
15802.0,3.39
15803.0,216.43
15804.0,2875.46
15805.0,3756.35
15806.0,251.09
15807.0,512.54
15808.0,132.4
15809.0,215.22
15810.0,1698.31
15811.0,1626.87
15812.0,1511.32
15813.0,334.31
15814.0,785.93
15815.0,709.63
15816.0,5.92
15817.0,261.35
15818.0,38.82
15819.0,1256.92
15820.0,7.58
15821.0,382.4
15822.0,282.87
15823.0,116.64
15824.0,44.67
15825.0,30.25
15826.0,1238.01
15827.0,331.95
15828.0,192.55
15829.0,367.89
15830.0,709.17
15831.0,603.92
15832.0,35.6
15833.0,1.33
15834.0,1183.15
15835.0,221.43
15836.0,212.07
15837.0,91.75
15838.0,29967.91
15839.0,842.02
15840.0,29.47
15841.0,722.01
15842.0,171.61
15843.0,41.18
15844.0,96.4
15845.0,1056.5
15846.0,4.05
15847.0,128.82
15848.0,37.38
15850.0,278.09
15851.0,6.62
15852.0,64.97
15853.0,31.89
15854.0,1548.53
15855.0,365.69
15856.0,16570.25
15857.0,262.76
15858.0,1490.63
15859.0,109.38
15860.0,776.51
15861.0,1469.83
15862.0,910.95
15863.0,63.3
15864.0,703.47
15865.0,357.53
15866.0,117.53
15867.0,2448.89
15868.0,3.63
15869.0,12.41
15870.0,121.11
15871.0,4.59
15872.0,198.36
15873.0,4.29
15874.0,2353.96
15875.0,18.52
15876.0,84.88
15877.0,920.74
15878.0,4.97
15879.0,117.7
15880.0,254.92
15881.0,3.78
15882.0,186.53
15883.0,572.01
15884.0,1.8
15885.0,213.09
15886.0,356.99
15887.0,150.61
15888.0,118.13
15889.0,525.16
15890.0,8.72
15891.0,146.13
15892.0,16.24
15893.0,84.8
15894.0,74.0
15895.0,28.07
15897.0,34.3
15898.0,1087.22
15899.0,26.98
15900.0,724.95
15901.0,91.41
15902.0,12.93
15903.0,1106.46
15904.0,51.55
15905.0,82.9
15906.0,494.03
15907.0,509.66
15908.0,19.33
15909.0,58.34
15910.0,975.32
15911.0,9.19
15912.0,182.4
15913.0,105.46
15914.0,2.59
15915.0,38.74
15916.0,534.71
15917.0,20.63
15918.0,34.28
15919.0,159.52
15920.0,35.98
15921.0,75.73
15922.0,121.7
15923.0,13.16
15924.0,9.94
15925.0,58.12
15926.0,26.45
15927.0,5.58
15928.0,32.65
15929.0,27.8
15930.0,232.12
15931.0,41.53
15932.0,807.46
15933.0,511.02
15934.0,2.99
15935.0,26.52
15936.0,12.36
15937.0,65.27
15938.0,62.46
15939.0,1743.42
15940.0,0.89
15941.0,12.78
15942.0,116.75
15943.0,1.86
15944.0,72.35
15945.0,47.66
15946.0,26.28
15947.0,191.58
15948.0,321.36
15949.0,343.71
15950.0,1837.38
15951.0,115.67
15952.0,295.47
15953.0,1129.69
15954.0,41.96
15955.0,1847.86
15956.0,58.32
15957.0,436.65
15958.0,149.66
15959.0,10.76
15960.0,7.74
15961.0,90.73
15962.0,7.23
15963.0,499.94
15964.0,46.97
15965.0,780.97
15966.0,7.04
15967.0,339.98
15968.0,66.21
15969.0,385.53
15970.0,394.62
15971.0,2306.28
15972.0,25.27
15973.0,53.25
15974.0,1282.39
15975.0,164.75
15976.0,552.82
15977.0,682.28
15978.0,399.67
15979.0,88.21
15980.0,2342.32
15981.0,2643.0
15982.0,57.2
15983.0,899.93
15984.0,2608.52
15985.0,690.5
15986.0,109.59
15987.0,345.27
15988.0,255.06
15989.0,16.76
15990.0,384.68
15991.0,19.19
15992.0,101.25
15993.0,2402.18
15994.0,381.92
15995.0,67.06
15996.0,271.7
15998.0,1433.48
15999.0,25.52
16000.0,6111.57
16001.0,268.38
16002.0,82.37
16003.0,1457.03
16004.0,2.92
16005.0,787.25
16006.0,70.09
16007.0,1072.99
16008.0,1814.91
16009.0,395.7
16010.0,18.52
16011.0,1409.51
16012.0,562.45
16013.0,18716.47
16014.0,633.88
16015.0,939.59
16016.0,658.66
16017.0,165.3
16018.0,275.66
16019.0,4185.5
16020.0,280.77
16021.0,113.27
16022.0,44.47
16023.0,183.31
16024.0,67.61
16025.0,753.94
16026.0,539.47
16027.0,351.06
16028.0,2.69
16029.0,40929.01
16030.0,22.89
16031.0,400.98
16032.0,24.52
16033.0,2852.36
16034.0,103.22
16035.0,11.13
16036.0,430.46
16037.0,25.99
16038.0,377.92
16039.0,84.62
16040.0,552.16
16041.0,330.81
16042.0,478.73
16043.0,736.49
16044.0,35.67
16045.0,929.93
16046.0,20.89
16047.0,10.57
16048.0,135.04
16049.0,306.62
16050.0,107.8
16051.0,54.4
16052.0,232.97
16053.0,640.42
16054.0,45.05
16055.0,39.18
16056.0,310.56
16057.0,583.05
16058.0,8.5
16059.0,529.9
16060.0,9.99
16061.0,10.15
16062.0,910.79
16063.0,164.33
16064.0,17.63
16065.0,7.29
16066.0,565.31
16067.0,17.47
16068.0,7.57
16069.0,129.44
16070.0,444.8
16071.0,255.6
16072.0,891.73
16073.0,4.73
16074.0,39.74
16075.0,15.01
16076.0,752.82
16077.0,26.72
16078.0,21.98
16079.0,1119.02
16080.0,204.67
16081.0,814.08
16082.0,2.43
16083.0,720.44
16084.0,140.63
16085.0,437.43
16086.0,1569.67
16087.0,162.77
16088.0,195.5
16089.0,42.88
16090.0,32.99
16091.0,147.6
16092.0,300.34
16093.0,83.38
16094.0,678.06
16095.0,12.87
16096.0,440.22
16097.0,34.84
16098.0,1001.55
16099.0,160.04
16100.0,21.5
16101.0,858.25
16102.0,892.52
16103.0,2058.68
16104.0,251.32
16105.0,206.44
16106.0,103.04
16107.0,1244.97
16108.0,161.28
16109.0,182.89
16110.0,284.18
16111.0,151.8
16112.0,182.08
16113.0,46.35
16114.0,66.01
16115.0,885.53
16116.0,85.82
16117.0,67.6
16118.0,265.97
16119.0,219.64
16120.0,765.96
16121.0,75.59
16122.0,484.43
16123.0,393.54
16124.0,57.62
16125.0,8.92
16126.0,4254.82
16127.0,624.25
16128.0,576.52
16129.0,171.64
16130.0,38.62
16131.0,3111.06
16132.0,67.78
16133.0,11744.94
16134.0,428.8
16135.0,180.7
16136.0,353.88
16137.0,95.99
16138.0,120.74
16139.0,391.98
16140.0,303.7
16141.0,119.85
16142.0,152.34
16143.0,1197.46
16144.0,2.01
16145.0,1843.36
16146.0,180.19
16147.0,112.43
16148.0,30.21
16149.0,143.4
16150.0,1266.13
16152.0,103.12
16153.0,1419.19
16155.0,68.92
16156.0,1365.5
16157.0,356.05
16158.0,6.03
16159.0,56.29
16160.0,610.88
16161.0,3071.65
16162.0,3.49
16163.0,208.47
16164.0,669.06
16165.0,4.99
16166.0,13.13
16167.0,5.7
16168.0,4003.36
16169.0,1529.02
16170.0,2371.3
16171.0,35.85
16172.0,692.81
16173.0,1152.71
16174.0,626.29
16175.0,347.63
16176.0,3.6
16177.0,583.38
16178.0,241.17
16179.0,93.69
16180.0,1475.83
16181.0,283.54
16182.0,4084.26
16183.0,211.9
16184.0,781.56
16185.0,437.25
16186.0,2344.67
16187.0,2817.73
16188.0,502.96
16189.0,347.8
16190.0,935.83
16191.0,4727.33
16192.0,19.06
16193.0,206.58
16194.0,28.46
16195.0,29.8
16196.0,2.3
16197.0,40.31
16198.0,138.68
16199.0,12.86
16200.0,1811.05
16201.0,525.25
16202.0,23.91
16203.0,103.05
16204.0,182.32
16205.0,322.78
16206.0,657.92
16207.0,202.86
16208.0,832.52
16209.0,1485.32
16210.0,15204.84
16211.0,342.23
16212.0,185.42
16213.0,109.11
16214.0,999.97
16215.0,98.5
16216.0,55.51
16217.0,43.53
16218.0,2599.59
16219.0,18.91
16221.0,569.83
16222.0,1109.25
16223.0,124.71
16224.0,492.81
16225.0,687.82
16226.0,83.78
16227.0,175.25
16228.0,36.96
16229.0,784.89
16230.0,220.7
16231.0,106.37
16232.0,676.56
16233.0,289.22
16234.0,7.24
16235.0,725.94
16236.0,207.81
16237.0,54.93
16238.0,14.61
16239.0,394.74
16240.0,1180.79
16241.0,1951.69
16242.0,3048.76
16243.0,481.43
16244.0,462.34
16245.0,900.78
16246.0,55.31
16247.0,15.09
16248.0,126.75
16249.0,653.85
16250.0,96.36
16251.0,3.84
16252.0,38.44
16253.0,2406.22
16254.0,101.35
16255.0,2068.55
16256.0,358.73
16257.0,7.9
16258.0,3116.55
16259.0,5.55
16260.0,50.62
16261.0,241.9
16262.0,233.77
16263.0,32.18
16264.0,25.66
16265.0,2374.6
16266.0,347.75
16267.0,63.95
16268.0,298.04
16269.0,153.39
16270.0,144.04
16271.0,629.27
16272.0,128.66
16273.0,2.96
16274.0,193.66
16275.0,419.97
16276.0,767.9
16277.0,10.9
16278.0,85.01
16279.0,1618.15
16280.0,36.2
16281.0,187.03
16282.0,473.24
16283.0,2219.99
16284.0,518.9
16285.0,10.88
16286.0,3.66
16287.0,290.86
16288.0,11.48
16289.0,28.9
16290.0,9.28
16291.0,14.59
16292.0,358.25
16293.0,1030.67
16294.0,12.83
16295.0,1070.23
16296.0,50.92
16297.0,244.73
16298.0,184.33
16299.0,6.91
16300.0,81.47
16301.0,2.32
16302.0,73.23
16303.0,1822.33
16304.0,50.29
16305.0,94.06
16306.0,47.59
16307.0,6.11
16308.0,1436.14
16309.0,228.33
16310.0,16.79
16311.0,461.54
16312.0,2.11
16313.0,331.78
16314.0,152.15
16315.0,26.26
16316.0,1772.36
16317.0,187.24
16318.0,322.03
16319.0,87.23
16320.0,1338.76
16321.0,56.85
16322.0,387.26
16323.0,42.5
16324.0,71.65
16325.0,992.64
16326.0,1474.93
16327.0,5200.62
16328.0,39.93
16329.0,10.59
16330.0,80.15
16331.0,8.06
16332.0,573.95
16333.0,10828.06
16334.0,19.49
16335.0,10.19
16336.0,10.85
16337.0,340.25
16338.0,31.4
16339.0,13.31
16340.0,125.69
16341.0,790.93
16342.0,70.3
16343.0,273.66
16344.0,115.31
16345.0,175.54
16346.0,23.36
16347.0,476.9
16348.0,711.28
16349.0,1.25
16350.0,917.0
16351.0,11.95
16352.0,234.8
16353.0,1850.6
16354.0,750.47
16355.0,34.66
16356.0,13.2
16357.0,245.83
16358.0,835.21
16359.0,490.87
16360.0,2898.42
16361.0,774.57
16362.0,101.49
16363.0,244.93
16364.0,175.67
16365.0,1063.07
16366.0,176.21
16367.0,653.49
16368.0,165.55
16369.0,931.2
16370.0,202.42
16371.0,6.5
16372.0,306.09
16373.0,11.85
16374.0,175.66
16375.0,1.44
16376.0,1859.14
16377.0,618.5
16378.0,19.34
16379.0,1873.32
16380.0,490.56
16381.0,43.77
16382.0,11.36
16383.0,581.17
16384.0,164.79
16385.0,220.19
16386.0,221.28
16387.0,21.25
16388.0,45.22
16389.0,846.02
16390.0,5.95
16391.0,19.86
16392.0,159.79
16393.0,2343.33
16394.0,256.43
16395.0,1106.35
16396.0,29.76
16397.0,16.34
16398.0,581.3
16399.0,218.21
16400.0,765.23
16401.0,3055.15
16402.0,227.11
16403.0,3.2
16404.0,831.84
16405.0,23.77
16406.0,130.76
16407.0,1057.22
16408.0,21.6
16409.0,1498.86
16410.0,42.51
16411.0,249.84
16412.0,127.45
16413.0,255.99
16414.0,171.52
16415.0,233.75
16416.0,1030.76
16417.0,100.38
16418.0,298.0
16419.0,208.53
16420.0,22.04
16421.0,21.88
16422.0,27033.09
16423.0,228.9
16424.0,116.32
16425.0,92.05
16426.0,604.45
16427.0,17.35
16428.0,110.8
16429.0,77.56
16430.0,298.56
16431.0,214.24
16432.0,227.62
16433.0,78.9
16434.0,1139.03
16435.0,71.88
16436.0,8.91
16437.0,17.45
16438.0,124.69
16439.0,11.95
16440.0,907.07
16441.0,276.64
16442.0,273.73
16443.0,44.08
16444.0,884.16
16445.0,138.22
16446.0,8412.38
16447.0,171.53
16448.0,51.37
16449.0,306.12
16450.0,129.9
16451.0,160.46
16452.0,20.06
16453.0,11.6
16454.0,13.61
16455.0,1502.2
16456.0,1156.44
16457.0,163.74
16458.0,2015.72
16459.0,1.4
16460.0,646.3
16461.0,34.71
16462.0,10.66
16463.0,895.05
16464.0,669.17
16465.0,10.93
16466.0,433.41
16467.0,21.52
16468.0,158.69
16469.0,233.73
16470.0,720.7
16471.0,36.96
16472.0,30.45
16473.0,118.63
16474.0,664.18
16475.0,99.81
16476.0,36.3
16477.0,1127.22
16478.0,366.36
16479.0,411.77
16480.0,181.43
16481.0,55.44
16482.0,421.4
16483.0,88.95
16484.0,111.28
16485.0,164.14
16486.0,16.43
16487.0,1.55
16488.0,187.52
16489.0,23.94
16490.0,20.23
16491.0,250.09
16492.0,29.61
16493.0,473.27
16494.0,294.94
16495.0,305.67
16496.0,413.58
16497.0,2264.8
16498.0,42.13
16499.0,45.16
16500.0,237.83
16501.0,162.15
16502.0,3.18
16503.0,196.11
16504.0,490.49
16505.0,683.57
16506.0,33.13
16507.0,67.94
16508.0,73.78
16509.0,3.97
16510.0,18.86
16511.0,176.29
16513.0,309.21
16515.0,567.59
16516.0,16.48
16517.0,10.36
16518.0,341.58
16519.0,264.53
16520.0,589.89
16521.0,7.04
16522.0,15.01
16523.0,2399.55
16524.0,7.02
16525.0,9945.57
16526.0,81.61
16527.0,231.45
16528.0,158.1
16529.0,217.45
16530.0,2.99
16531.0,751.92
16532.0,992.72
16533.0,547.2
16534.0,332.11
16535.0,299.85
16536.0,78.57
16537.0,2.72
16538.0,5.24
16539.0,507.35
16540.0,8.89
16541.0,109.93
16542.0,28.54
16543.0,93.07
16544.0,1.06
16545.0,282.5
16546.0,132.88
16547.0,57.96
16548.0,13.3
16549.0,2051.96
16550.0,767.54
16551.0,219.45
16552.0,68.88
16553.0,618.51
16554.0,992.59
16555.0,357.2
16556.0,1678.23
16557.0,241.81
16558.0,2397.85
16559.0,2.47
16560.0,967.45
16561.0,185.3
16562.0,22.05
16563.0,1306.32
16564.0,0.74
16565.0,13.2
16566.0,244.14
16567.0,135.93
16568.0,109.53
16569.0,235.23
16570.0,3802.09
16571.0,2364.82
16572.0,101.52
16573.0,210.11
16574.0,114.2
16576.0,34.64
16577.0,36.7
16578.0,18.03
16579.0,12.77
16581.0,12.97
16582.0,67.83
16583.0,23.25
16584.0,501.74
16585.0,3.67
16586.0,146.15
16587.0,156.89
16588.0,26.67
16589.0,195.28
16590.0,69.3
16591.0,395.39
16592.0,2141.14
16593.0,254.74
16594.0,183.27
16595.0,211.69
16596.0,176.28
16597.0,22.7
16598.0,17.62
16599.0,13.06
16600.0,354.05
16601.0,520.69
16602.0,409.31
16603.0,357.38
16604.0,16.9
16605.0,9.73
16606.0,4.74
16607.0,1107.1
16608.0,405.03
16609.0,1516.31
16610.0,12.41
16611.0,179.1
16612.0,1136.28
16613.0,504.01
16614.0,269.47
16615.0,44.87
16616.0,278.58
16617.0,78.4
16618.0,783.65
16619.0,300.04
16620.0,219.95
16621.0,136.91
16622.0,26.9
16623.0,125.83
16624.0,166.93
16625.0,274.18
16626.0,2935.98
16627.0,158.92
16628.0,554.81
16629.0,122.97
16630.0,4.61
16631.0,2.21
16632.0,8.71
16633.0,1485.61
16634.0,123.44
16635.0,271.13
16636.0,6.95
16637.0,462.99
16638.0,785.04
16639.0,619.26
16640.0,11.15
16641.0,423.25
16642.0,359.03
16643.0,172.95
16644.0,187.58
16645.0,19.21
16646.0,25.86
16647.0,137.76
16648.0,595.12
16649.0,18.25
16650.0,739.34
16651.0,27.8
16652.0,3984.17
16653.0,938.61
16654.0,203.15
16655.0,1125.07
16656.0,2453.91
16657.0,653.44
16658.0,98.02
16659.0,39.95
16660.0,592.0
16661.0,28.2
16662.0,3.69
16663.0,31.0
16664.0,2.48
16665.0,12.77
16666.0,182.12
16667.0,264.77
16668.0,194.38
16669.0,983.11
16670.0,1690.77
16671.0,322.68
16672.0,8099.06
16673.0,39.41
16674.0,238.08
16675.0,76.02
16676.0,674.42
16677.0,16.03
16678.0,1880.98
16679.0,37.03
16680.0,277.11
16681.0,657.59
16682.0,893.97
16683.0,20.2
16684.0,59530.47
16685.0,369.01
16686.0,1405.43
16687.0,13.42
16688.0,1239.49
16689.0,531.44
16690.0,65.78
16691.0,0.53
16692.0,384.73
16693.0,357.15
16694.0,1.44
16695.0,1.64
16696.0,136.79
16697.0,71.25
16698.0,610.89
16699.0,37.8
16700.0,3650.66
16701.0,3670.5
16702.0,7.49
16704.0,16.3
16705.0,19108.8
16706.0,343.09
16707.0,109.63
16708.0,316.12
16709.0,1629.58
16710.0,1664.79
16711.0,1080.07
16712.0,2623.13
16713.0,2475.78
16714.0,171.85
16715.0,300.76
16716.0,1250.11
16717.0,1727.83
16718.0,188.04
16719.0,1154.89
16720.0,197.02
16721.0,122.9
16722.0,2720.28
16723.0,167.14
16724.0,4.35
16725.0,43.4
16726.0,738.29
16727.0,186.57
16728.0,477.15
16729.0,3826.46
16730.0,228.11
16731.0,70.54
16732.0,630.12
16733.0,44.67
16734.0,219.53
16735.0,1214.96
16736.0,40.77
16737.0,927.19
16738.0,3.07
16739.0,53.3
16740.0,53.63
16741.0,30.13
16742.0,498.59
16743.0,2977.17
16744.0,643.11
16745.0,2346.48
16746.0,3877.94
16747.0,920.63
16748.0,800.0
16749.0,25.77
16750.0,198.47
16751.0,1855.87
16752.0,33.12
16753.0,711.67
16754.0,146.08
16755.0,668.11
16756.0,55.47
16757.0,11.86
16758.0,174.92
16759.0,1008.19
16760.0,17.26
16761.0,231.81
16762.0,981.28
16763.0,71.08
16764.0,473.3
16765.0,54.0
16766.0,98.3
16767.0,2092.34
16768.0,117.03
16769.0,253.85
16770.0,387.07
16771.0,1127.76
16772.0,17.48
16773.0,28.05
16774.0,282.67
16775.0,782.42
16776.0,257.58
16777.0,104.76
16778.0,71.84
16779.0,20840.55
16780.0,198.43
16781.0,131.03
16782.0,2007.88
16783.0,55.81
16784.0,176.91
16785.0,122.64
16786.0,13.88
16787.0,129.62
16788.0,129.78
16789.0,116.66
16790.0,1022.94
16791.0,1128.66
16792.0,28.44
16793.0,461.32
16794.0,618.54
16795.0,110.7
16796.0,189.6
16797.0,31.37
16798.0,12.75
16799.0,27.99
16800.0,777.82
16801.0,477.93
16802.0,24.17
16803.0,194.79
16804.0,149.61
16805.0,334.35
16806.0,199.01
16807.0,378.37
16808.0,98.75
16809.0,437.85
16810.0,184.88
16811.0,396.08
16812.0,20.74
16813.0,639.35
16814.0,2756.39
16815.0,21.54
16816.0,16.02
16817.0,919.31
16818.0,1430.3
16819.0,9.47
16820.0,553.43
16821.0,9.82
16822.0,37.03
16823.0,349.5
16824.0,189.21
16825.0,375.38
16826.0,376.24
16827.0,2.1
16828.0,29.53
16829.0,197.95
16830.0,197.07
16831.0,2.33
16832.0,39.25
16833.0,510.77
16834.0,231.35
16835.0,179.66
16836.0,233.21
16837.0,2002.89
16838.0,341.51
16839.0,10433.37
16840.0,0.28
16841.0,1158.97
16842.0,594.15
16843.0,4149.01
16844.0,84.01
16845.0,19.15
16846.0,232.87
16847.0,84.8
16848.0,345.45
16849.0,100.76
16850.0,57.65
16851.0,125.14
16852.0,39.68
16854.0,79.57
16855.0,319.03
16856.0,24.64
16857.0,3.28
16858.0,37.92
16859.0,583.91
16860.0,32.32
16861.0,111.21
16862.0,27.78
16863.0,572.54
16864.0,21.96
16865.0,10.83
16866.0,20.04
16867.0,1.09
16868.0,30.86
16869.0,197.25
16870.0,40.39
16871.0,1599.65
16872.0,397.01
16873.0,5299.8
16874.0,16.73
16875.0,1142.84
16876.0,4.96
16877.0,257.91
16878.0,169.44
16880.0,1028.6
16881.0,303.59
16882.0,229.09
16883.0,121.69
16884.0,397.72
16885.0,205.4
16886.0,31.63
16887.0,602.89
16888.0,20.56
16889.0,695.83
16890.0,1.5
16891.0,203.77
16892.0,298.92
16893.0,29.08
16894.0,149.69
16895.0,454.4
16896.0,2.25
16897.0,45.3
16898.0,336.15
16899.0,377.93
16900.0,741.93
16901.0,25.67
16902.0,88.5
16903.0,341.35
16904.0,2055.99
16905.0,1414.44
16906.0,255.42
16907.0,350.54
16908.0,68.59
16909.0,465.22
16910.0,443.16
16911.0,1.69
16912.0,1601.97
16913.0,13.38
16914.0,206.59
16915.0,186.24
16916.0,390.78
16917.0,193.76
16918.0,871.91
16919.0,494.36
16920.0,6.79
16921.0,99.99
16922.0,55.98
16923.0,3070.93
16924.0,364.14
16925.0,6.18
16926.0,52.02
16927.0,258.76
16928.0,223.96
16929.0,509.73
16930.0,256.1
16931.0,1250.7
16932.0,104.89
16933.0,479.33
16934.0,355.33
16935.0,30.46
16936.0,482.41
16937.0,12.89
16938.0,2655.05
16939.0,6.66
16940.0,1856.52
16941.0,20.53
16942.0,888.95
16943.0,31.43
16944.0,1.61
16945.0,2359.66
16946.0,97.82
16947.0,61.3
16948.0,412.9
16949.0,423.45
16950.0,854.58
16951.0,620.73
16952.0,88.76
16953.0,503.1
16954.0,2368.17
16955.0,228.67
16956.0,182.24
16957.0,67.42
16958.0,117.73
16959.0,114.88
16960.0,412.77
16961.0,210.23
16962.0,12.1
16963.0,27.11
16964.0,6.59
16965.0,44.59
16966.0,960.77
16967.0,83.63
16968.0,428.12
16969.0,297.66
16970.0,7.02
16971.0,197.89
16972.0,103.16
16973.0,4.93
16974.0,2.47
16975.0,35.36
16976.0,210.24
16977.0,25.75
16978.0,140.4
16979.0,375.62
16980.0,697.85
16982.0,193.86
16983.0,1127.02
16984.0,1431.71
16985.0,2579.87
16986.0,1662.84
16987.0,425.59
16988.0,228.49
16989.0,1087.2
16990.0,44.48
16991.0,97.36
16992.0,884.3
16993.0,55.68
16996.0,474.91
16997.0,67.02
16998.0,11.36
16999.0,450.48
17000.0,31.93
17001.0,2448.48
17002.0,585.92
17003.0,61.06
17004.0,573.58
17005.0,27.23
17006.0,107.91
17007.0,138.71
17008.0,33.05
17009.0,46.59
17010.0,106.58
17011.0,560.9
17012.0,46.35
17014.0,304.97
17015.0,551.19
17016.0,79.97
17017.0,5097.86
17018.0,927.68
17019.0,1249.36
17020.0,3.57
17021.0,48.95
17022.0,53.25
17023.0,15.9
17024.0,14.92
17025.0,157.88
17026.0,67.61
17027.0,421.34
17028.0,14.43
17029.0,420.83
17030.0,88.5
17031.0,586.44
17032.0,34.66
17033.0,345.64
17034.0,250.29
17035.0,78.06
17036.0,8.9
17037.0,515.08
17038.0,257.21
17039.0,17.29
17040.0,170.33
17041.0,215.01
17042.0,244.26
17043.0,645.61
17044.0,3405.7
17045.0,248.49
17046.0,628.03
17047.0,364.22
17048.0,502.66
17049.0,4755.55
17050.0,769.14
17051.0,89.31
17052.0,286.29
17053.0,56.08
17054.0,548.99
17055.0,4.49
17056.0,3.11
17057.0,37.04
17058.0,200.66
17059.0,1927.09
17060.0,167.32
17061.0,2174.8
17062.0,57.55
17063.0,919.01
17064.0,193.89
17065.0,1.25
17066.0,69.0
17067.0,25.38
17068.0,2119.23
17069.0,1421.45
17070.0,158.55
17071.0,1026.31
17072.0,40.25
17073.0,460.59
17074.0,8.36
17075.0,616.64
17076.0,492.01
17077.0,17.33
17078.0,441.95
17079.0,47.86
17080.0,221.74
17081.0,281.23
17082.0,1149.47
17083.0,1041.6
17084.0,1255.96
17085.0,397.3
17086.0,1486.06
17087.0,44.68
17088.0,889.88
17089.0,26.76
17090.0,920.14
17091.0,1737.63
17092.0,1540.29
17093.0,51.86
17094.0,35.04
17095.0,710.72
17096.0,518.17
17097.0,731.81
17098.0,22.06
17099.0,138.95
17100.0,539.76
17101.0,689.93
17102.0,2.37
17103.0,120.36
17104.0,97.62
17105.0,287.75
17106.0,166.05
17107.0,3524.85
17108.0,6.16
17109.0,230.38
17110.0,28.41
17111.0,238.22
17112.0,42.03
17113.0,8.88
17114.0,110.27
17115.0,484.14
17116.0,47.07
17117.0,15.14
17118.0,3.22
17119.0,391.67
17120.0,293.48
17121.0,18.36
17122.0,212.38
17123.0,125.68
17124.0,182.01
17125.0,275.33
17126.0,1961.56
17127.0,65.32
17128.0,18.56
17129.0,177.18
17131.0,1238.03
17132.0,7.71
17133.0,4713.34
17134.0,34.3
17135.0,509.45
17136.0,28.25
17137.0,27.81
17138.0,579.69
17139.0,4197.32
17140.0,94.4
17141.0,112.72
17142.0,78.16
17143.0,15.35
17144.0,852.54
17145.0,223.71
17146.0,549.41
17147.0,979.0
17148.0,211.31
17149.0,14.61
17150.0,84.36
17151.0,77.76
17152.0,289.15
17153.0,887.07
17154.0,166.23
17155.0,134.38
17156.0,115.23
17157.0,1520.85
17158.0,488.23
17159.0,511.78
17160.0,2964.02
17161.0,3.48
17162.0,392.28
17163.0,159.66
17164.0,621.7
17165.0,24.98
17166.0,50.82
17167.0,54.51
17168.0,17.67
17169.0,757.29
17170.0,1.28
17171.0,19.0
17172.0,101.42
17173.0,3214.52
17174.0,1.95
17175.0,387.36
17176.0,88.27
17177.0,3.46
17178.0,22.27
17179.0,90.41
17180.0,622.85
17181.0,154.46
17182.0,0.88
17183.0,2055.09
17184.0,0.87
17185.0,1.95
17186.0,29.73
17187.0,149.77
17188.0,1016.48
17189.0,218.42
17190.0,270.96
17191.0,1387.43
17192.0,1.71
17193.0,1078.24
17194.0,36.87
17195.0,68.38
17196.0,7.87
17197.0,138.68
17198.0,507.93
17199.0,84.94
17200.0,13.76
17201.0,126.51
17202.0,11.06
17203.0,1717.73
17204.0,713.42
17205.0,243.12
17206.0,173.95
17207.0,13.71
17208.0,102.08
17209.0,10.48
17210.0,11.96
17211.0,841.02
17212.0,98.47
17213.0,1942.32
17214.0,143.22
17215.0,10.08
17216.0,0.95
17217.0,22.86
17218.0,1319.94
17219.0,47.88
17220.0,1521.43
17221.0,289.23
17222.0,128.61
17223.0,72.51
17224.0,2.22
17225.0,2.96
17226.0,74.94
17227.0,304.02
17228.0,768.19
17229.0,273.86
17230.0,67.84
17231.0,1776.77
17232.0,309.41
17233.0,303.49
17234.0,88.51
17235.0,844.18
17236.0,330.91
17237.0,132.63
17238.0,1357.42
17239.0,37.62
17240.0,10.77
17241.0,5.19
17242.0,761.14
17243.0,4633.85
17244.0,415.94
17245.0,162.17
17246.0,5.04
17247.0,330.35
17248.0,116.74
17249.0,3.1
17250.0,37.59
17251.0,106.92
17252.0,46.56
17253.0,44.64
17254.0,100.06
17255.0,351.24
17256.0,78.72
17257.0,2.63
17258.0,29.91
17259.0,302.13
17260.0,16.5
17261.0,168.62
17262.0,1437.71
17263.0,13.15
17264.0,16.35
17265.0,262.28
17266.0,48.05
17267.0,137.55
17268.0,415.36
17269.0,80.68
17270.0,41.78
17271.0,12.86
17272.0,801.29
17273.0,60.7
17274.0,247.29
17275.0,14.51
17276.0,61.54
17277.0,71.16
17278.0,51.22
17279.0,227.15
17280.0,43.41
17281.0,23.02
17282.0,535.06
17283.0,8.93
17284.0,838.82
17285.0,22.55
17286.0,128.65
17287.0,1364.85
17288.0,918.0
17289.0,573.65
17290.0,233.75
17291.0,2.98
17292.0,4.96
17293.0,834.69
17294.0,248.82
17295.0,249.09
17296.0,66.44
17297.0,72.04
17298.0,140.17
17299.0,308.98
17300.0,84.11
17301.0,36.59
17302.0,364.96
17303.0,17.34
17304.0,10.41
17305.0,18.8
17306.0,4884.07
17307.0,80.99
17308.0,21.36
17309.0,78.84
17310.0,166.79
17311.0,617.78
17312.0,55.27
17313.0,1472.09
17314.0,2501.45
17315.0,3143.67
17316.0,27.03
17317.0,1122.38
17318.0,12.99
17319.0,3.67
17320.0,592.04
17321.0,149.18
17322.0,25.91
17323.0,240.58
17324.0,688.91
17325.0,18.44
17326.0,7.72
17327.0,0.25
17328.0,7.8
17329.0,276.75
17330.0,51.42
17331.0,22.32
17332.0,6.67
17333.0,731.12
17334.0,82.25
17335.0,56.52
17336.0,28.02
17337.0,524.42
17338.0,2798.55
17339.0,64.21
17340.0,10681.2
17341.0,616.67
17342.0,309.26
17343.0,70.22
17344.0,153.38
17345.0,205.61
17346.0,911.41
17347.0,211.97
17348.0,404.11
17349.0,76.54
17350.0,437.78
17351.0,221.83
17352.0,4.51
17353.0,896.08
17354.0,926.01
17355.0,33.11
17356.0,17.42
17357.0,391.68
17358.0,10.54
17359.0,43.71
17360.0,628.19
17361.0,251.24
17362.0,34.16
17363.0,50.7
17364.0,2319.05
17365.0,3065.46
17366.0,66.69
17367.0,31.54
17368.0,714.44
17369.0,153.06
17370.0,70.51
17371.0,163.03
17372.0,1280.46
17373.0,218.8
17374.0,51.11
17375.0,172.97
17376.0,47.75
17377.0,3266.22
17378.0,78.19
17379.0,305.23
17380.0,20.16
17381.0,22467.47
17382.0,278.13
17383.0,146.54
17384.0,106.67
17385.0,291.79
17386.0,1112.7
17387.0,462.89
17388.0,418.57
17389.0,18392.28
17390.0,85.73
17391.0,166.11
17392.0,62.66
17393.0,2.97
17394.0,151.03
17395.0,2.91
17396.0,2906.43
17397.0,477.53
17398.0,232.57
17400.0,700.68
17401.0,4.83
17402.0,1629.82
17403.0,115.36
17404.0,27817.35
17405.0,627.27
17406.0,18.5
17407.0,132.48
17408.0,42.87
17409.0,1148.6
17410.0,644.16
17411.0,125.71
17412.0,1329.24
17413.0,176.59
17414.0,608.15
17415.0,130.25
17416.0,7485.86
17417.0,70.55
17418.0,287.89
17419.0,2073.52
17420.0,235.74
17421.0,104.52
17422.0,1078.84
17423.0,358.84
17425.0,346.7
17426.0,1674.43
17427.0,89.55
17428.0,11264.47
17429.0,442.9
17430.0,264.84
17431.0,18.85
17432.0,303.58
17433.0,181.55
17434.0,2044.04
17435.0,16.55
17436.0,42.58
17437.0,11.03
17438.0,31.4
17439.0,68.05
17440.0,117.53
17441.0,34.39
17442.0,2271.95
17443.0,73.79
17444.0,672.16
17446.0,23.33
17447.0,503.01
17448.0,58.81
17449.0,1734.23
17450.0,120402.41
17451.0,891.54
17453.0,423.94
17454.0,62.29
17455.0,120.31
17456.0,219.51
17457.0,1337.2
17458.0,140.81
17459.0,232.12
17460.0,394.32
17461.0,1295.98
17462.0,297.3
17463.0,585.67
17464.0,130.0
17465.0,8.98
17466.0,300.57
17467.0,15.18
17468.0,28.13
17469.0,1103.9
17470.0,948.16
17471.0,35.17
17472.0,253.43
17473.0,17.29
17474.0,20.91
17475.0,123.35
17476.0,70.86
17477.0,21.87
17478.0,385.65
17479.0,33.25
17480.0,139.91
17481.0,784.31
17482.0,8.24
17483.0,186.67
17484.0,3.01
17486.0,430.96
17487.0,5.54
17488.0,41.44
17489.0,44.55
17490.0,1217.78
17491.0,1600.1
17492.0,119.14
17493.0,2.7
17494.0,3.31
17495.0,143.41
17496.0,328.98
17497.0,7.52
17498.0,255.16
17499.0,677.02
17500.0,758.91
17501.0,83.75
17502.0,353.91
17503.0,545.3
17504.0,64.43
17505.0,209.6
17506.0,403.51
17507.0,245.53
17508.0,462.59
17509.0,1477.15
17510.0,404.15
17511.0,121834.19
17512.0,2186.64
17513.0,294.9
17514.0,191.02
17515.0,281.24
17516.0,76.77
17517.0,6.07
17518.0,5.99
17519.0,1135.16
17520.0,443.74
17521.0,496.02
17522.0,241.08
17523.0,1034.6
17524.0,72.65
17525.0,116.11
17526.0,1366.54
17527.0,152.07
17528.0,3009.34
17529.0,51.18
17530.0,760.02
17531.0,168.87
17532.0,20.87
17533.0,19.26
17534.0,124.07
17535.0,11.11
17536.0,17.74
17537.0,250.43
17538.0,297.89
17539.0,33.79
17540.0,264.16
17541.0,2.93
17542.0,135.86
17543.0,14.81
17544.0,46.26
17545.0,226.65
17547.0,145.57
17548.0,54.55
17549.0,236.84
17550.0,358.13
17551.0,58.67
17552.0,810.71
17553.0,711.3
17554.0,1377.59
17555.0,312.46
17556.0,64.32
17557.0,137.1
17558.0,33.87
17559.0,11.27
17560.0,762.36
17561.0,125.22
17562.0,517.74
17563.0,6.13
17564.0,328.46
17565.0,16.48
17566.0,598.47
17567.0,1598.57
17568.0,30.77
17569.0,123.41
17570.0,5.82
17571.0,366.3
17572.0,80.26
17573.0,288.33
17574.0,72.07
17575.0,21.21
17576.0,2367.34
17577.0,8.25
17578.0,177.43
17579.0,113.05
17580.0,99.46
17581.0,3309.5
17582.0,128.99
17583.0,57.98
17584.0,659.51
17585.0,630.87
17586.0,26.35
17587.0,70.4
17588.0,1067.61
17589.0,2762.33
17590.0,735.64
17591.0,1094.54
17592.0,9.07
17593.0,2517.47
17594.0,414.74
17595.0,296.17
17596.0,1652.6
17597.0,655.25
17598.0,29.26
17599.0,6.01
17600.0,125.48
17601.0,67.62
17602.0,2297.77
17603.0,119.5
17604.0,83.54
17605.0,12.7
17606.0,1.06
17607.0,115.35
17608.0,127.54
17609.0,480.94
17610.0,9.26
17611.0,2854.79
17612.0,1581.85
17613.0,1700.43
17614.0,332.78
17615.0,174.58
17616.0,253.84
17617.0,45.17
17618.0,817.74
17619.0,6.03
17620.0,10.33
17621.0,1641.54
17622.0,172.65
17623.0,265.95
17624.0,233.88
17625.0,1401.0
17626.0,25.99
17627.0,6.51
17628.0,36.62
17629.0,609.5
17630.0,119.2
17631.0,595.71
17633.0,485.55
17634.0,578.94
17635.0,18.25
17636.0,160.99
17637.0,427.87
17638.0,74.6
17639.0,43.5
17640.0,630.72
17642.0,305.31
17643.0,107.73
17644.0,2316.55
17646.0,58.03
17647.0,69.88
17648.0,454.48
17649.0,175.32
17650.0,188.33
17651.0,1631.38
17652.0,1764.49
17653.0,893.05
17654.0,32.08
17655.0,782.09
17656.0,703.88
17657.0,8.47
17658.0,444.75
17659.0,1055.64
17660.0,54.72
17662.0,22.62
17663.0,1740.08
17664.0,153.92
17665.0,66.85
17666.0,415.29
17667.0,1470.7
17668.0,360.27
17669.0,1976.27
17670.0,185.98
17671.0,1022.02
17672.0,1256.12
17673.0,1418.41
17674.0,298.05
17675.0,13300.88
17676.0,919.78
17677.0,20881.43
17678.0,279.19
17679.0,511.05
17680.0,157.12
17681.0,9.62
17682.0,1113.7
17683.0,33.66
17684.0,506.18
17685.0,1868.17
17686.0,2554.13
17687.0,86.15
17688.0,241.74
17689.0,24.17
17690.0,2466.48
17691.0,46.1
17692.0,1027.14
17693.0,128.48
17694.0,142.07
17695.0,215.77
17696.0,3080.34
17697.0,63.1
17698.0,61.66
17699.0,51.95
17700.0,1680.0
17701.0,30.08
17702.0,569.1
17703.0,306.87
17704.0,301.24
17705.0,470.81
17706.0,3773.58
17707.0,77.2
17708.0,255.3
17709.0,57.91
17710.0,11.83
17711.0,25.44
17712.0,482.84
17713.0,52.23
17714.0,174.05
17715.0,478.0
17716.0,6672.33
17717.0,34.79
17718.0,119.84
17719.0,2922.82
17720.0,1072.5
17721.0,17.67
17722.0,1961.86
17723.0,480.62
17724.0,576.49
17725.0,1887.51
17726.0,33.31
17727.0,468.6
17728.0,1376.36
17729.0,34.65
17730.0,942.85
17731.0,124.99
17732.0,29.9
17733.0,279.35
17734.0,180.61
17735.0,2892.76
17736.0,210.72
17737.0,230.45
17738.0,979.11
17739.0,2157.59
17740.0,2.48
17741.0,1.61
17742.0,182.81
17743.0,37.61
17744.0,1077.84
17745.0,108.89
17746.0,138.15
17747.0,7.13
17748.0,5.2
17749.0,118.07
17750.0,373.49
17751.0,16.9
17752.0,1.45
17753.0,33.65
17754.0,1329.59
17756.0,47.97
17757.0,2568.41
17758.0,1299.31
17759.0,458.87
17760.0,222.7
17761.0,872.64
17762.0,9.92
17763.0,8.78
17764.0,113.18
17765.0,162.92
17766.0,10.13
17767.0,93.46
17768.0,351.61
17769.0,2175.81
17770.0,241.66
17771.0,77.26
17772.0,58.29
17773.0,8.97
17774.0,659.88
17775.0,7.08
17776.0,15.56
17777.0,388.67
17778.0,22.62
17779.0,158.45
17780.0,9.17
17781.0,24.0
17782.0,92.37
17783.0,35.27
17784.0,21.77
17785.0,89.85
17786.0,112.95
17787.0,1411.45
17788.0,258.06
17789.0,14.73
17790.0,469.94
17791.0,45.39
17792.0,15.34
17793.0,324.53
17794.0,1.24
17795.0,33.35
17796.0,365.89
17797.0,406.91
17798.0,71.03
17799.0,1388.15
17800.0,296.14
17801.0,8.3
17802.0,732.94
17803.0,2.31
17804.0,12.75
17805.0,161.21
17806.0,1677.38
17807.0,6.36
17808.0,0.85
17809.0,1344.81
17810.0,7.22
17811.0,2736.87
17812.0,294.88
17813.0,1106.88
17814.0,133.69
17815.0,199.27
17816.0,27.84
17817.0,202.79
17818.0,78.86
17819.0,1114.37
17820.0,8.15
17821.0,26.29
17822.0,5.99
17823.0,18.98
17824.0,436.91
17825.0,6.37
17826.0,15.72
17827.0,431.28
17828.0,825.69
17829.0,902.77
17830.0,117.96
17831.0,607.41
17832.0,392.92
17833.0,43.85
17834.0,2.52
17835.0,353.34
17836.0,21.4
17837.0,358.5
17838.0,2414.51
17839.0,223.45
17840.0,1.3
17841.0,25781.74
17842.0,43.17
17843.0,45.34
17844.0,135.11
17845.0,27.34
17846.0,4.07
17847.0,0.51
17848.0,251.89
17849.0,73.33
17850.0,662.38
17851.0,2.09
17852.0,92.8
17853.0,51.24
17854.0,156.31
17855.0,79.76
17856.0,308.41
17857.0,11688.78
17858.0,2859.97
17859.0,20.56
17860.0,114.85
17861.0,2228.85
17862.0,148.1
17863.0,1442.37
17864.0,479.59
17865.0,9454.72
17866.0,879.29
17867.0,311.45
17868.0,19.57
17869.0,301.56
17870.0,739.47
17871.0,336.41
17872.0,13.19
17873.0,1836.51
17874.0,53.34
17875.0,24.11
17876.0,35.62
17877.0,61.61
17878.0,197.09
17879.0,20.05
17880.0,110.28
17881.0,54.12
17882.0,15.71
17883.0,228.0
17884.0,598.88
17885.0,346.87
17886.0,216.86
17887.0,23.24
17888.0,389.01
17889.0,139.49
17890.0,68.19
17891.0,51.89
17892.0,61.77
17893.0,25.32
17894.0,285.6
17895.0,77.37
17896.0,356.88
17897.0,277.9
17898.0,46.2
17899.0,20.66
17900.0,23.58
17901.0,143.94
17902.0,55.79
17903.0,157.8
17904.0,115.63
17905.0,698.07
17906.0,37.74
17907.0,28.72
17908.0,37.71
17909.0,5.68
17910.0,43.99
17911.0,213.12
17912.0,18.21
17913.0,692.52
17914.0,59.8
17915.0,7.81
17916.0,3.48
17917.0,118.77
17918.0,15.13
17919.0,689.83
17920.0,6039.85
17921.0,418.06
17922.0,44.21
17923.0,14.51
17924.0,1073.98
17925.0,126.0
17926.0,354.29
17927.0,24.36
17928.0,115.14
17929.0,1538.44
17930.0,1739.92
17931.0,418.11
17932.0,676.14
17933.0,11.5
17934.0,423.86
17935.0,56.48
17936.0,127.41
17937.0,1440.3
17938.0,47.96
17939.0,50.65
17940.0,1170.84
17941.0,462.27
17942.0,151.65
17944.0,20.92
17945.0,4.6
17946.0,13.96
17947.0,312.62
17948.0,16.15
17949.0,21602.14
17950.0,421.08
17951.0,391.41
17952.0,60.66
17953.0,15.43
17954.0,995.61
17955.0,156.55
17956.0,2.06
17957.0,70.24
17958.0,108.87
17959.0,79.44
17960.0,26.37
17961.0,603.67
17962.0,144.63
17963.0,45.56
17964.0,350.69
17965.0,2342.23
17966.0,298.7
17967.0,21.0
17968.0,129.38
17969.0,256.41
17970.0,115.62
17971.0,31.18
17972.0,44.22
17973.0,590.59
17974.0,836.61
17975.0,2423.73
17976.0,173.56
17977.0,256.86
17978.0,36.23
17979.0,442.75
17980.0,300.98
17981.0,2.52
17982.0,25.39
17983.0,23.75
17984.0,247.22
17985.0,336.52
17986.0,527.49
17987.0,125.14
17988.0,103.29
17989.0,17.09
17990.0,139.05
17991.0,57.16
17992.0,39.98
17993.0,14.71
17994.0,441.47
17995.0,12.5
17996.0,103.27
17997.0,545.91
17998.0,107.05
17999.0,460.96
18000.0,22.26
18001.0,81.63
18002.0,6.86
18003.0,91.95
18004.0,7.11
18005.0,325.69
18006.0,285.33
18007.0,14.65
18008.0,2126.95
18009.0,81.29
18010.0,9.17
18011.0,24.34
18012.0,9.8
18013.0,89.56
18014.0,120.62
18015.0,247.51
18016.0,614.88
18017.0,204.92
18018.0,86.66
18019.0,487.51
18020.0,35.86
18021.0,6.75
18022.0,401.87
18024.0,231.75
18025.0,69.62
18026.0,17.7
18027.0,110.16
18028.0,33.26
18029.0,42.37
18030.0,268.92
18031.0,106.02
18032.0,7.1
18033.0,37.52
18034.0,427.84
18035.0,597.38
18036.0,177.65
18037.0,23.32
18038.0,19.28
18039.0,40.2
18040.0,51.77
18041.0,2582.92
18042.0,74.03
18043.0,311.28
18044.0,839.69
18045.0,280.32
18046.0,9.32
18047.0,22.49
18048.0,46.84
18049.0,66.76
18050.0,23.34
18051.0,14.22
18052.0,224.47
18053.0,167.21
18054.0,11.0
18055.0,5151.97
18056.0,40.31
18057.0,43.86
18058.0,410.29
18059.0,123.49
18060.0,34.24
18061.0,1670.72
18062.0,126.51
18063.0,8.37
18064.0,1313.14
18065.0,1133.79
18066.0,198.48
18067.0,594.25
18068.0,8.49
18069.0,1092.51
18070.0,14.63
18071.0,548.61
18072.0,39.21
18073.0,855.02
18074.0,218.69
18075.0,1903.27
18076.0,20.55
18077.0,1446.82
18078.0,113.11
18079.0,1861.4
18080.0,370.43
18081.0,365.33
18082.0,247.1
18083.0,298.72
18084.0,99.4
18085.0,156.03
18086.0,28.3
18087.0,1816.49
18088.0,143.81
18089.0,4.88
18090.0,15.56
18091.0,26.38
18092.0,3502.27
18093.0,1077.9
18094.0,954.59
18095.0,110.27
18096.0,475.15
18097.0,1049.94
18098.0,115.27
18099.0,31.22
18100.0,80.24
18101.0,32.98
18102.0,171269.81
18103.0,5.3
18104.0,746.48
18105.0,228.09
18106.0,85.79
18107.0,0.99
18108.0,21.2
18109.0,3419.46
18110.0,308.03
18111.0,22.01
18112.0,61.2
18113.0,27.54
18114.0,6.25
18115.0,6.41
18116.0,372.47
18117.0,442.64
18118.0,1603.9
18119.0,45.69
18120.0,41.34
18121.0,276.95
18122.0,495.75
18123.0,323.21
18124.0,30.75
18125.0,540.34
18126.0,142.0
18127.0,88.99
18128.0,43.23
18129.0,41.35
18130.0,976.03
18131.0,89.83
18132.0,16.57
18133.0,28.08
18134.0,44.02
18135.0,713.64
18136.0,273.85
18137.0,0.69
18138.0,80.45
18139.0,2840.02
18140.0,53.48
18141.0,70.39
18142.0,492.85
18143.0,365.11
18144.0,1271.46
18145.0,1369.29
18146.0,101.86
18147.0,62.21
18148.0,15.25
18149.0,170.5
18150.0,743.61
18151.0,256.34
18152.0,7.42
18153.0,32.46
18154.0,98.54
18155.0,62.97
18156.0,62.9
18157.0,22.28
18158.0,565.47
18159.0,147.56
18160.0,186.62
18161.0,423.15
18162.0,33.99
18163.0,110.7
18164.0,464.23
18165.0,91.38
18166.0,45.76
18167.0,874.52
18168.0,267.9
18169.0,65.23
18170.0,924.69
18171.0,832.35
18172.0,5890.0
18173.0,676.07
18174.0,32.76
18175.0,31.35
18176.0,232.52
18177.0,930.47
18178.0,726.49
18179.0,400.07
18180.0,677.95
18181.0,246.74
18182.0,11.38
18183.0,303.28
18184.0,248.34
18185.0,81.5
18186.0,34.86
18187.0,134.31
18188.0,684.92
18189.0,165.28
18190.0,75.97
18191.0,273.63
18192.0,320.4
18193.0,245.55
18194.0,1032.07
18195.0,8.68
18196.0,88.7
18197.0,66.36
18198.0,1617.6
18199.0,12.4
18200.0,94.18
18201.0,45.46
18202.0,314.77
18203.0,31.09
18204.0,573.14
18205.0,366.21
18206.0,56.64
18207.0,37.68
18208.0,9.02
18209.0,77.41
18210.0,1082.36
18211.0,366.32
18212.0,20.0
18213.0,122.77
18214.0,32.14
18215.0,203.0
18216.0,1494.61
18217.0,194.01
18218.0,478.84
18219.0,958.4
18220.0,175.37
18221.0,393.87
18222.0,428.14
18223.0,3970.81
18224.0,14.07
18225.0,4290.94
18226.0,2797.05
18227.0,33.67
18228.0,454.42
18229.0,1999.34
18230.0,1795.13
18231.0,370.92
18232.0,264.47
18233.0,1.36
18234.0,53.01
18235.0,984.5
18236.0,283.44
18237.0,186.92
18238.0,72.63
18239.0,502.69
18240.0,274.85
18241.0,967.86
18242.0,875.22
18243.0,138.17
18244.0,35.61
18245.0,2312.92
18246.0,325.93
18247.0,36.47
18248.0,121.92
18249.0,80.28
18250.0,23.42
18251.0,3131.29
18252.0,180.05
18253.0,14.33
18254.0,25.22
18255.0,43.35
18256.0,6.22
18257.0,924.87
18258.0,6.1
18259.0,774.45
18260.0,464.52
18261.0,397.79
18262.0,78.37
18263.0,343.0
18264.0,114.75
18265.0,136.26
18266.0,44.35
18267.0,97.07
18268.0,285.98
18269.0,56.24
18270.0,216.31
18271.0,44.11
18272.0,1699.21
18273.0,32.45
18274.0,265.12
18275.0,70.32
18276.0,217.13
18277.0,284.22
18278.0,77.39
18279.0,37.92
18280.0,45.03
18281.0,13.26
18282.0,117.46
18283.0,1129.98
18284.0,284.01
18285.0,25.39
18286.0,115.5
18287.0,1256.73
